tree
version=v4
num_class=1
num_tree_per_iteration=1
label_index=0
max_feature_idx=56
objective=binary sigmoid:1
feature_names=amount os_ver_count_30d phone_model_count_30d last_phone_model last_os sessions_unique_7d sessions_unique_30d daily_logins_avg_7d daily_logins_avg_30d login_freq_change_7_vs_30 login_share_7_of_30 avg_interval_30d std_interval_30d var_interval_30d ewm_interval_7d burstiness fano_factor zscore_interval_7_vs_30 log_amount sqrt_amount amount_cum_count cst_txn_count_past cst_amount_mean_past amount_diff_mean_past amount_over_mean_past cst_amount_deviation cst_amount_deviation_ratio hours_since_prev_trans target_txn_count_past target_fraud_rate_past target_txn_count_past_log1p target_fraud_rate_past_smooth is_new_phone_model_for_client is_new_os_for_client is_new_target_for_client is_night_tx is_weekend is_first_tx_for_client is_high_amount_global is_high_amount_vs_client target_same_as_prev cst_new_targets_ratio cst_night_tx_share cst_weekend_tx_share sessions_7d_vs_30d_ratio logins_7d_vs_30d_ratio is_login_spike amount_x_new_target amount_x_high_fraud_rate night_x_high_amount new_device_x_high_amount weekend_x_high_amount high_amount_x_new_os first_tx_x_high_amount new_target_x_high_fraud_target risk_score risk_x_target_fraud
feature_infos=[-50000:5024700] [0:6] [0:5] -1:254:247:249:253:251:238:36:244:245:257:241:131:192:242:231:174:119:246:202:256:171:67:4:123:75:252:212:175:54:185:204:234:197:116:199:94:74:240:135:51:140:161:90:166:176:118:220:133:78:255:194:30:77:198:181:229:184:258:93:107:114:120:137:210:84:191:167:92:209:178:132:165:38:62:79:168:232:139:26:150:16:201:239:18:138:187:233:63:111:193:56:211:27:87:98:134:86:158:91:164:223:243:264:59:215:66:196:218:8:17:60:33:82:88:126:117:188:31:65:81:99:152:195:37:227:112:12:39:58:100:124:125:151:228:22:69:83:159:180:11:13:29:41:55:101:129:162:177:206:225:52:70:21:89:110:156:179:9:10:103:109:169:183:186:203:14:53:72:141:142:148:149:163:222:230:236:7:25:64:95:144:190:200:207:226:20:143:160:173:182:208:217:2:23:32:42:44:57:71:105:106:108:127:154:261:28:34:40:80:96:122:130:146:157:170:263 -1:4:2:3:5:47:39:32:1:30:0:44:46:43:42:28:12:23:40:41:38:36:16:37:18:33:24:25:29:17:45:48:21:31:53:19:35:34:22:52:15:6:11:27:49:20:54 [0:175] [0:388] [0:25] [0:12.933333333333334] [-1:3.285714285714286] [0:1] [-1:2746920] [-1:1754968.3202268924] [-1:969527665028.57141] [-1:582180] [-1:0.68288648343628755] [-1:2856431.5070558186] [-1.6863033664441271:4.8906223730604932] [0:15.429876507651509] [0:2241.584261186717] [0:242] [0:242] [10:3757075] [-3008245:4508700] [-0.59719933388847579:1999.9800001999979] [0:4508700] [0:1979.2079207920792] [0:999999] [0:216] [0:1] [0:5.3798973535404597] [0.00052758579516898026:0.17660286580901577] [0:1] [0:1] [0:1] [0:1] [0:1] [0:1] [0:1] [0:1] [0:1] [0:1] [0:1] [0:1] [0:0.98275862068965514] [0:2.660098522167488] [0:1] [0:5000000] [-156.88735487919675:61049.148529537611] none none [0:1] none none [0:0.17660286580901577] [0:3] [0:0.20349716176512536]
tree_sizes=1265 1015 810 1274 907 812 814 1369 1287 1426 1778 1425 1316 1399 1923 1421 1385 1196 2041 1538 1265 1446 1655 2096 1812 1704 1858 1665 2180 1578 2050 1975 2213 1798 2393 2086 2109 1883 1725 2049 2579 1847 1686 2169 2435 2434 1860 2069 2169 1878 1480 1951 2207 1687 2290 1594 2266 2117 2025 1961 2548 2447 2238 1711 1704 1766

Tree=0
num_leaves=11
num_cat=0
split_feature=29 0 24 42 14 2 15 25 25 25
split_gain=209109 13789.8 3898.31 1518.75 1529.67 1012.81 1051.45 743.625 309.077 188.827
threshold=1.0000000180025095e-35 4911.5000000000009 1.7150365196980115 0.02790758047767394 40756.93042307601 1.5000000000000002 0.11979907974984437 4322.6658886436944 44477.056714471975 664.18550724637646
decision_type=2 2 2 2 2 2 2 2 2 2
left_child=2 8 -1 4 5 6 -4 9 -2 -3
right_child=1 7 3 -5 -6 -7 -8 -9 -10 -11
leaf_value=-4.4504890255412173 -4.4330654774162017 -4.0210132693104867 -4.4283098499882634 -4.4373743281802103 -4.4339634128361949 -4.4292711268061149 -3.5354609422279868 -2.2319866921853566 -4.0778047360843148 -4.4276076605350179
leaf_weight=67.578815452754498 2.7786570545285931 1.1122650280594819 1.2544991765171305 4.982823831960558 3.1538343783467999 1.5124335866421459 6.0083908643573523 93.588231828063726 2.0384840462356806 1.0786348059773443
leaf_count=5764 237 13 107 425 269 129 185 778 92 92
internal_value=-3.2224 -2.33227 -4.33976 -3.99183 -3.85621 -3.71968 -3.62928 -2.25559 -4.18388 -4.08575
internal_weight=185.087 100.596 84.4908 16.912 11.9292 8.77532 7.26289 95.7791 4.81714 2.1909
internal_count=8091 1212 6879 1115 690 421 292 883 329 105
is_linear=0
shrinkage=1


Tree=1
num_leaves=8
num_cat=1
split_feature=28 3 24 23 48 48 48
split_gain=4065.61 1239.35 216.316 701.584 11.8624 14.5733 341.308
threshold=3.5000000000000004 0 1.1121096181595773 -8663.2467532467508 424.89080142045322 91.449000251303758 141.42953584434608
decision_type=2 9 2 2 2 2 2
left_child=2 -2 3 4 5 -1 -7
right_child=1 -3 -4 -5 -6 6 -8
leaf_value=0.23529025915080895 0.24310484997672546 -0.024720309409819109 0.29570609526355957 -0.020129866675446733 0.27733188122311164 -0.020235506441791548 0.17992276593138501
leaf_weight=51.25447369273752 4.8429054226726294 65.525068774819374 509.54461733624339 8.6399461254477483 99.613167974166572 8.0168232480064017 42.450528778135777
leaf_count=625 141 5552 791 423 153 169 248
internal_value=0.258194 0.0375929 0.27936 0.23374 0.244858 0.201554 0.149169
internal_weight=789.888 70.368 719.52 209.975 201.335 101.722 50.4674
internal_count=8102 5693 2409 1618 1195 1042 417
cat_boundaries=0 8
cat_threshold=0 0 0 4194304 0 0 0 2097152
is_linear=0
shrinkage=0.03


Tree=2
num_leaves=6
num_cat=1
split_feature=28 3 0 20 20
split_gain=2418 1131.28 558.992 356.545 258.71
threshold=3.5000000000000004 0 5207.5000000000009 1.0000000180025095e-35 87.500000000000014
decision_type=2 9 2 2 2
left_child=2 -2 4 -4 -1
right_child=1 -3 3 -5 -6
leaf_value=-0.023349846544696542 0.22488500419199839 -0.024639532829748921 0.10314016841725056 0.22951972713588351 0.15094441368649442
leaf_weight=14.000760925002396 6.2541588833555579 64.51026258058846 32.448879731819034 891.38068997114897 9.3703493233770132
leaf_count=670 151 5608 148 1557 47
internal_value=0.209338 0.0372292 0.221933 0.22566 0.0608175
internal_weight=1017.97 70.7644 947.201 923.83 23.3711
internal_count=8181 5759 2422 1705 717
cat_boundaries=0 8
cat_threshold=0 0 0 4194304 0 0 0 2097152
is_linear=0
shrinkage=0.03


Tree=3
num_leaves=10
num_cat=2
split_feature=48 48 3 3 48 48 28 27 12
split_gain=2203.32 261.222 1134.86 723.961 275.818 141.349 479.144 47.776 162.001
threshold=47.886069415063226 917.64620694648954 0 1 698.75997864701992 127.94754919539201 1.0000000180025095e-35 40.696388888888897 25208.17429457216
decision_type=2 2 9 9 2 2 2 2 2
left_child=-1 2 5 7 -5 6 -2 8 -4
right_child=1 -3 3 4 -6 -7 -8 -9 -10
leaf_value=-0.027415975082907967 0.179844896166034 0.19348899404478395 0.12893979866550012 -0.030470411537588515 0.095698098613333699 0.17913507866896958 0.42794803585291008 0.16058479738385653 -0.021105136381873238
leaf_weight=46.393751272931695 42.156728655099869 745.64499458298087 11.206843219697477 60.776156568899751 15.440360534004865 181.38194786664099 11.586478796787558 59.403572152368724 8.7481026677414757
leaf_count=3985 38 766 15 2190 159 328 230 173 298
internal_value=0.172507 0.180753 0.154309 0.0708994 -0.000527568 0.195768 0.265206 0.128677 0.072112
internal_weight=1182.74 1136.35 390.7 155.575 76.2165 235.125 53.7432 79.3585 19.9549
internal_count=8182 4197 3431 2835 2349 596 268 486 313
cat_boundaries=0 8 16
cat_threshold=67108864 0 0 213913600 2097152 0 67633152 2459959296 0 0 0 536870912 0 32768 1024 1074806784
is_linear=0
shrinkage=0.03


Tree=4
num_leaves=7
num_cat=1
split_feature=31 3 23 24 24 0
split_gain=1873.2 715.84 488.099 80.1651 71.9152 184.378
threshold=0.011381464472145367 0 31172.016129032261 0.2578462093477516 0.13204685052405277 190500.00000000003
decision_type=2 9 2 2 2 2
left_child=1 2 -1 4 -2 -6
right_child=3 -3 -4 -5 5 -7
leaf_value=-0.016570824061042488 0.1302003373235896 -0.0257284180816774 0.28885278019326338 0.15980471291483719 -0.02464963215780883 0.11813786935644338
leaf_weight=5.9395079873502281 70.913751902990043 81.545326875522733 11.000292669050394 1022.7990823844448 12.707652776502073 12.257944643497467
leaf_count=413 295 6430 64 814 157 2
internal_value=0.14539 0.018906 0.139026 0.156391 0.113862 0.0534723
internal_weight=1217.16 98.4851 16.9398 1118.68 95.8793 24.9656
internal_count=8175 6907 477 1268 454 159
cat_boundaries=0 8
cat_threshold=0 0 0 4194304 0 0 0 8388608
is_linear=0
shrinkage=0.03


Tree=5
num_leaves=6
num_cat=1
split_feature=28 3 31 9 42
split_gain=1216.48 375.548 41.3215 733.717 12.8382
threshold=3.5000000000000004 0 0.010387844557910452 0.59326056003796868 0.11416040100250628
decision_type=2 9 2 2 2
left_child=2 -2 3 -1 -4
right_child=1 -3 4 -5 -6
leaf_value=-0.019735709776699424 0.12448831785993185 -0.024511224594282115 0.13739069752831795 0.28763740981898511 0.094219232740945166
leaf_weight=9.0264454297721404 3.9858511686325073 62.720735435374081 1291.1100778253749 18.839799888432026 53.162145628593862
leaf_count=498 94 5593 1581 187 184
internal_value=0.132003 0.00639392 0.138064 0.200217 0.136039
internal_weight=1438.85 66.7066 1372.14 27.8662 1344.27
internal_count=8137 5687 2450 685 1765
cat_boundaries=0 8
cat_threshold=0 0 0 0 0 0 0 2097152
is_linear=0
shrinkage=0.03


Tree=6
num_leaves=6
num_cat=2
split_feature=28 3 4 10 9
split_gain=544.572 818.72 24.8358 258.574 17.6079
threshold=3.5000000000000004 0 1 0.11726508785332311 1.1551724137931039
decision_type=2 9 9 2 2
left_child=2 -2 -1 -4 -5
right_child=1 -3 3 4 -6
leaf_value=0.12965215513418879 0.17166775659083064 -0.024358517665423303 -0.026179469951922347 0.10223104204595179 0.053205134952381203
leaf_weight=1098.854785609059 11.775510022416709 60.883351798169315 13.516366475261746 297.51015233434737 24.440253205597401
leaf_count=1138 135 5589 193 955 152
internal_value=0.1185 0.0353866 0.122572 0.0913284 0.0993799
internal_weight=1506.98 72.6589 1434.32 335.467 321.95
internal_count=8162 5724 2438 1300 1107
cat_boundaries=0 8 10
cat_threshold=0 0 0 4194304 0 0 0 2097152 306708532 98352
is_linear=0
shrinkage=0.03


Tree=7
num_leaves=11
num_cat=1
split_feature=48 25 17 3 31 24 48 31 24 27
split_gain=823.288 865.254 542.885 131.746 587.023 261.274 203.416 128.493 748.019 51.7258
threshold=29.097467116519752 2378.3346052631587 -0.010302504499656898 0 0.011381464472145367 0.4171563594913838 17038.594289300287 0.010387844557910452 1.7510084005712625 20.663055555555559
decision_type=2 2 2 9 2 2 2 2 2 2
left_child=-1 2 -2 7 -5 6 -6 8 -3 -7
right_child=1 3 -4 4 5 9 -8 -9 -10 -11
leaf_value=-0.026712420484459459 -0.012835972930851539 -0.021025834312847002 0.37109042504542361 -0.02675587149316732 -0.029900112304456238 0.060818924495015941 0.093561607722315809 0.11948363562717172 0.25247759485978022 0.10726527375574207
leaf_weight=36.278654816560447 3.6246149102225909 11.088338911533354 13.890214761719108 34.649699483066797 25.53702215757221 46.521435482427478 15.164014816284178 965.89068293105811 30.457552345469594 436.54941802285612
leaf_count=3200 248 805 75 2436 245 103 1 445 318 293
internal_value=0.111301 0.114537 0.306432 0.111422 0.0879092 0.0973386 0.0213019 0.121885 0.185064 0.103461
internal_weight=1619.65 1583.37 17.5148 1565.86 558.422 523.772 40.701 1007.44 41.5459 483.071
internal_count=8169 4969 323 4646 3078 642 246 1568 1123 396
cat_boundaries=0 8
cat_threshold=8388608 524288 136 71307272 85983232 64 1073741954 3668099712
is_linear=0
shrinkage=0.03


Tree=8
num_leaves=11
num_cat=0
split_feature=48 43 48 17 24 1 26 26 26 27
split_gain=708.537 136.73 221.789 182.766 87.3066 39.6809 99.3493 32.7538 60.6296 6.93308
threshold=29.097467116519752 0.67708333333333337 70.243083113383435 0.71781453646431326 4.7676915648449034 2.5000000000000004 1.1081847022619231 0.13004436376867776 0.11455536074372451 0.21597222222222226
decision_type=2 2 2 2 2 2 2 2 2 2
left_child=-1 2 3 -2 -3 7 -7 8 -4 -9
right_child=1 4 5 -5 -6 6 -8 9 -10 -11
leaf_value=-0.026644453834201779 -0.026481557512479215 0.18559819359143087 -0.018199375705005814 0.092898391246791001 0.091500626460337825 -0.022126314441333058 0.081326825799615823 0.069975758429614995 0.075012463056450485 0.10689299907637859
leaf_weight=35.624309063889086 22.746468861587346 40.559790969826281 6.3192424196749952 15.442159583792089 33.994060913100839 8.1143387658521515 37.392042120918632 42.196885662153363 18.237538174726069 1483.049100602977
leaf_count=3220 1278 108 309 56 13 178 77 237 50 2645
internal_value=0.102457 0.10522 0.102669 0.0269579 0.15114 0.104392 0.0625156 0.105416 0.052005 0.106104
internal_weight=1743.68 1708.05 1633.5 38.1886 74.5539 1595.31 45.5064 1549.8 24.5568 1525.25
internal_count=8171 4951 4830 1334 121 3496 255 3241 359 2882
is_linear=0
shrinkage=0.03


Tree=9
num_leaves=12
num_cat=1
split_feature=48 25 5 23 4 26 31 48 48 26 26
split_gain=803.839 262.376 404.835 92.3884 462.141 226.208 71.4582 161.235 450.258 63.686 141.988
threshold=58.621783166244029 4465.476823185415 3.5000000000000004 12055.728448275864 0 0.11455536074372451 0.010387844557910452 127.94754919539201 2840.1198694099544 0.48765423532644075 0.19959742737461242
decision_type=2 2 2 2 9 2 2 2 2 2 2
left_child=-1 2 -2 4 9 -6 7 -5 -9 10 -3
right_child=1 3 -4 6 5 -7 -8 8 -10 -11 -12
leaf_value=-0.027476741711296833 0.23290712427767085 0.079204551554763886 -0.017639412661031098 0.21853981783226575 0.079910518009234849 -0.033189843830097883 0.095909500814391868 -0.023975896216140345 0.16842348052111572 0.098502970968624246 -0.026665514120656823
leaf_weight=47.132838897407055 23.503552538342777 37.842860954813659 6.4479275671765199 15.392044672742484 17.385968712158501 50.065466612577438 1112.9946708194911 17.319363411515951 20.372348602861166 317.89128360338509 12.714265705086289
leaf_count=4242 105 93 331 115 45 958 457 898 59 508 282
internal_value=0.0921066 0.0956337 0.184162 0.0934107 0.0786755 -0.000469851 0.0985595 0.141083 0.087562 0.0905643 0.0525763
internal_weight=1679.06 1631.93 29.9515 1601.98 435.9 67.4514 1166.08 53.0838 37.6917 368.448 50.5571
internal_count=8093 3851 436 3415 1886 1003 1529 1072 957 883 375
cat_boundaries=0 2
cat_threshold=54 229392
is_linear=0
shrinkage=0.03


Tree=10
num_leaves=15
num_cat=1
split_feature=48 3 29 48 8 48 0 24 0 48 45 0 24 26
split_gain=516.503 258.119 514.323 214.95 166.817 125.445 154.076 279.667 96.9507 83.3291 94.2937 161.413 57.8113 15.5141
threshold=29.097467116519752 0 1.0000000180025095e-35 188.3275807969878 6.1500000000000012 238.58801380608728 19990.000000000004 1.1121096181595773 5504.5000000000009 1706.1873384433788 0.53782339707536575 16882.160000000003 1.8806867551007158 0.58457322762378938
decision_type=2 9 2 2 2 2 2 2 2 2 2 2 2 2
left_child=-1 5 -3 4 -4 6 8 -8 -2 10 13 -12 -9 -5
right_child=1 2 3 9 -6 -7 7 12 -10 -11 11 -13 -14 -15
leaf_value=-0.026393719060457274 0.1598534919422098 -0.027537903659140935 -0.030949399130257533 0.081663759630156846 0.07400026388379434 0.095093536630407566 -0.015007677319742854 0.29487678340260537 0.090369745257719042 0.090195032286804117 0.075782723472016603 -0.032696964819689409 0.11212555506607225 0.048922365534967781
leaf_weight=33.253432692959905 33.770587634295225 43.586690354160964 28.636257921345532 97.111079677939415 18.11473535373807 933.24471987877041 4.1574583211913732 10.695856850594284 128.68703229073435 387.16092327237129 17.681343078613281 22.687775088474154 13.031055578030644 51.992949262261391
leaf_count=3179 94 2856 292 96 8 577 222 73 345 92 1 135 53 94
internal_value=0.0872949 0.0894739 0.0683944 0.076356 0.0129365 0.100135 0.126913 0.198047 0.109155 0.0813424 0.0613995 0.0179318 0.231493 0.0722045
internal_weight=1823.81 1790.56 666.972 623.385 46.751 1123.59 190.342 27.8844 162.458 576.634 189.473 40.3691 23.7269 149.104
internal_count=8117 4938 3574 718 300 1364 787 348 439 418 326 136 126 190
cat_boundaries=0 8
cat_threshold=1048576 0 2056 80744456 69206016 134217728 1141374978 2594357760
is_linear=0
shrinkage=0.03


Tree=11
num_leaves=12
num_cat=1
split_feature=48 25 43 25 4 31 25 31 48 27 27
split_gain=478.573 338.304 230.177 121.378 199.169 33.785 168.024 86.6742 486.326 14.4636 61.294
threshold=29.097467116519752 2378.3346052631587 0.36811857229280104 12500.054054054055 0 0.0032673087269886772 31607.605939716315 0.011381464472145367 2840.1198694099544 40.696388888888897 19.625694444444449
decision_type=2 2 2 2 9 2 2 2 2 2 2
left_child=-1 2 -2 4 9 6 -5 8 -7 10 -3
right_child=1 3 -4 5 -6 7 -8 -9 -10 -11 -12
leaf_value=-0.026364945345655335 -0.013749446425336181 -0.022196477188134667 0.210415160498506 0.16162857827849847 -0.022484871141399909 -0.027101213149606219 -0.015238463311249182 0.085789004074972197 0.13207647795748864 0.080053766729832623 0.063580010221366445
leaf_weight=33.042539524845779 4.0723188873380449 7.7221449930220869 26.159420517273247 21.209545402787629 25.340350264683366 36.328287564218044 4.933741600252687 1680.5915645891801 25.737439848482609 77.708844402804971 20.08951744902879
leaf_count=3235 253 190 92 206 711 2053 327 727 84 213 69
internal_value=0.0833794 0.0853217 0.182553 0.0832991 0.0517214 0.0854829 0.131163 0.0844244 0.0438323 0.0658308 0.0400103
internal_weight=1962.94 1929.89 30.2317 1899.66 130.861 1768.8 26.1433 1742.66 62.0657 105.521 27.8117
internal_count=8160 4925 345 4580 1183 3397 533 2864 2137 472 259
cat_boundaries=0 2
cat_threshold=50 32784
is_linear=0
shrinkage=0.03


Tree=12
num_leaves=11
num_cat=2
split_feature=30 4 4 24 8 6 6 24 24 6
split_gain=412.472 272.093 69.0339 294.827 77.8991 205.942 27.1256 11.8099 49.9375 7.92277
threshold=1.4978661367769956 0 1 0.45401240030839757 0.55000000000000016 113.50000000000001 42.500000000000007 0.056704081646466745 0.050589297782432187 45.500000000000007
decision_type=2 9 9 2 2 2 2 2 2 2
left_child=2 -2 7 -4 5 -5 -6 8 -1 -8
right_child=1 -3 3 4 6 -7 9 -9 -10 -11
leaf_value=0.059314939494140961 0.091943232418702073 -0.024370739653885729 -0.030617089504982743 -0.033090747955504894 0.077856286062912491 0.071411703331336548 0.061233524932525409 0.08357699420650759 0.14778829172259542 0.028316299138208625
leaf_weight=21.36428298894316 8.8780318228527904 60.366536119021475 27.378154771402478 23.725564018823206 258.47756966482848 39.281728347763419 20.794547321274877 1447.6117949811742 22.270447004586458 32.588673075661063
leaf_count=141 97 5548 494 258 163 19 22 1145 10 173
internal_value=0.0771115 0.00483113 0.0797351 0.058425 0.0667835 0.0325213 0.0730834 0.0843149 0.115022 0.0452846
internal_weight=1962.74 69.2446 1893.49 402.246 374.868 63.0073 311.861 1491.25 43.6347 53.3832
internal_count=8070 5645 2425 1129 635 277 358 1296 151 195
cat_boundaries=0 2 4
cat_threshold=0 1024 33554485 229425
is_linear=0
shrinkage=0.03


Tree=13
num_leaves=12
num_cat=0
split_feature=28 17 24 25 26 25 8 45 1 45 45
split_gain=262.453 365.808 271.156 134.673 98.038 56.5416 50.3379 118.517 13.4266 26.5796 12.4833
threshold=2.5000000000000004 0.017904551050254052 1.7510084005712625 4465.476823185415 0.13849852058986892 12500.054054054055 0.8500000000000002 1.5889379806905584 1.5000000000000002 0.11988598256203888 0.20572745227123107
decision_type=2 2 2 2 2 2 2 2 2 2 2
left_child=3 -2 -3 4 -1 6 7 -5 10 -10 -7
right_child=1 2 -4 5 -6 8 -8 -9 9 -11 -12
leaf_value=0.18038811316751707 -0.027853384268844393 -0.021575374705657131 0.13852970313832996 -0.030567080232645996 0.064026949164902175 0.065730868599232023 0.063345864933306045 0.064035585180035298 0.031345112264415192 0.069273221223394688 0.080596028738941297
leaf_weight=19.060459285974503 52.655835629440844 12.257769251242278 24.608774746768177 18.980231031775475 20.784517541527748 219.15542607661337 88.750645272433758 19.432722264900804 30.370304604060948 298.51875182893127 1250.3537916978821
leaf_count=136 4617 1182 205 205 156 304 179 3 118 361 718
internal_value=0.0742403 0.022465 0.0890771 0.0765356 0.133596 0.0750119 0.0512265 0.0191546 0.0765471 0.0662927 0.0786095
internal_weight=2054.93 89.5224 36.8665 1965.41 39.845 1925.56 127.164 38.413 1798.4 328.889 1469.51
internal_count=8184 6004 1387 2180 292 1888 387 208 1501 479 1022
is_linear=0
shrinkage=0.03


Tree=14
num_leaves=17
num_cat=0
split_feature=48 25 28 28 20 48 20 41 23 24 24 24 24 24 27 27
split_gain=454.072 66.6722 58.3177 317.767 129.705 56.7868 52.3267 153.912 160.763 66.721 113.595 46.6071 40.2681 89.0655 22.8326 5.62775
threshold=47.886069415063226 2378.3346052631587 34.500000000000007 2.5000000000000004 106.50000000000001 917.64620694648954 54.500000000000007 0.054093567251461992 -206466.66666666666 0.32276553268229435 0.036496142364469443 0.43601869187449632 1.5139522288692759 1.2556010268958784 25.158888888888892 0.095277777777777795
decision_type=2 2 2 2 2 2 2 2 2 2 2 2 2 2 2 2
left_child=-1 -2 3 5 -4 6 7 8 -3 10 -9 -11 13 -13 15 -8
right_child=1 2 4 -5 -6 -7 14 9 -10 11 -12 12 -14 -15 -16 -17
leaf_value=-0.027099638136779874 0.12099219594072563 0.064206512010070133 -0.014892034767240936 -0.026146263028672533 0.1406355623094622 0.074071604298708391 0.061505394805462986 0.062762343874827847 -0.033350798721924285 0.083754953531450044 -0.030257845160355599 -0.029639854818489388 0.061169558567519447 0.054112483335222464 0.079853643566090413 0.029717796711562841
leaf_weight=41.215986096300185 27.852675803005695 19.535092231817544 4.7117574317380813 28.940563464537263 24.072589690797031 1315.8000220321119 20.076603750698268 19.833430029451847 35.020451415330172 94.092288330197334 18.289720498025417 15.375945568084715 88.8812240883708 22.469788916409016 155.73990565631539 31.322443840093911
leaf_count=4013 266 9 311 2022 65 428 10 6 512 36 112 110 61 25 83 120
internal_value=0.068635 0.0707529 0.0696976 0.0686615 0.116741 0.0702225 0.0598828 0.050296 0.0040399 0.0597804 0.0198016 0.0660912 0.0502949 0.0205976 0.0728647 0.0464861
internal_weight=1963.23 1922.01 1894.16 1865.38 28.7843 1836.44 520.637 313.498 54.5555 258.942 38.1232 220.819 126.727 37.8457 207.139 51.399
internal_count=8189 4176 3910 3534 376 1512 1084 871 521 350 118 232 196 135 213 130
is_linear=0
shrinkage=0.03


Tree=15
num_leaves=11
num_cat=2
split_feature=3 47 3 25 28 2 16 17 20 20
split_gain=204.979 423.422 227.447 190.57 150.104 105.312 30.6963 123.476 0.39552 34.7287
threshold=0 44981.500000000007 1 2378.3346052631587 1.5000000000000002 1.5000000000000002 86958.922366044499 0.46497469941908615 106.50000000000001 124.50000000000001
decision_type=9 2 9 2 2 2 2 2 2 2
left_child=3 2 -2 -1 5 6 -4 -8 -5 -10
right_child=1 -3 4 8 -6 -7 7 -9 9 -11
leaf_value=0.14396284002233281 -0.028269074500178092 0.065752775983702411 0.068144554743603522 0.072471774620644774 -0.025578943410340012 -0.026254808663321968 -0.028184499948215497 0.073488745730285784 0.12425457731318733 0.067257611540564241
leaf_weight=37.29490356054157 63.222747812047601 578.09616700466722 83.083134104497731 1232.974842957221 25.908670728094876 12.101254334673284 16.239952297881246 18.197347432374954 26.858157944865525 61.478066671639681
leaf_count=117 2663 228 88 2079 2351 203 230 7 78 165
internal_value=0.0676869 0.051731 0.0163466 0.0758855 0.0344155 0.0494683 0.0580188 0.0280472 0.0740007 0.0903152
internal_weight=2155.46 796.849 218.753 1358.61 155.53 129.622 117.52 34.4373 1321.31 88.3362
internal_count=8209 5770 5542 2439 2879 528 325 237 2322 243
cat_boundaries=0 8 17
cat_threshold=67108864 524288 18568 205525000 2097152 1083392 67633154 2594357760 16 2147483664 9220 16812032 8 2147762192 8392817 1616118784 3
is_linear=0
shrinkage=0.03


Tree=16
num_leaves=11
num_cat=2
split_feature=3 0 3 29 0 24 43 27 0 42
split_gain=265.222 151.779 83.1465 338.234 124.867 144.484 65.1471 39.0804 84.1672 2.16349
threshold=0 2435.0000000000005 1 1.0000000180025095e-35 44013.356950000009 0.4171563594913838 0.67708333333333337 1561.7819444444447 11012.500000000002 0.11482385769096619
decision_type=9 2 9 2 2 2 2 2 2 2
left_child=-1 -2 6 -4 5 -5 9 8 -7 -3
right_child=1 2 3 4 -6 7 -8 -9 -10 -11
leaf_value=-0.024551985348053435 -0.022826530827428013 0.071271491079077154 -0.027327584731952976 -0.031422928464211526 0.064218908037595349 0.051994424232565846 0.10054188939419646 0.064916658556763429 -0.03044968928946425 0.048550762412870353
leaf_weight=27.941046239342541 15.010591447353361 1215.0385571704246 40.909808492287993 25.268573299981654 577.96466013416648 22.273205458186567 97.662593388929963 41.554128780961037 14.581389799714087 49.135901603847742
leaf_count=979 1341 1927 3206 200 186 35 52 21 90 193
internal_value=0.0644685 0.0655141 0.0665169 0.0529801 0.0587354 0.0266184 0.0725607 0.0460857 0.0196348 0.0705831
internal_weight=2127.34 2099.4 2084.39 722.552 681.642 103.677 1361.84 78.4087 36.8546 1264.17
internal_count=8230 7251 5910 3738 532 346 2172 146 125 2120
cat_boundaries=0 9 17
cat_threshold=0 0 0 0 8 0 33 671088640 1 67108864 0 67720 71307272 0 1050624 1141374978 3533881856
is_linear=0
shrinkage=0.03


Tree=17
num_leaves=10
num_cat=0
split_feature=48 25 28 20 25 20 27 27 20
split_gain=414.571 99.8439 70.0668 263.314 18.0172 66.6754 81.9458 11.1754 6.92655
threshold=58.621783166244029 2502.4576271186447 2.5000000000000004 123.50000000000001 10856.349206349209 57.500000000000007 1561.7819444444447 0.11055555555555557 1.0000000180025095e-35
decision_type=2 2 2 2 2 2 2 2 2
left_child=-1 -2 4 -4 5 6 -3 -6 -9
right_child=1 2 3 -5 7 -7 -8 8 -10
leaf_value=-0.027297163920396279 0.12013534436160064 -0.030266409686993213 -0.026593212498999822 0.11482892146382803 0.033699868705671876 0.06339554063019788 0.046346041144521899 0.051255663690453028 0.065109827637210127
leaf_weight=43.940212920308113 28.179871748201549 18.028079352341592 31.564415376633406 12.763198726810513 28.254084181040525 64.483203827403486 23.320946661755443 146.46165654808283 1763.9119519237429
leaf_count=4263 251 198 2085 124 82 74 28 144 909
internal_value=0.0613117 0.0632109 0.0621579 0.0216383 0.0629815 0.0452983 0.0132815 0.0638278 0.0641843
internal_weight=2160.91 2116.97 2088.79 44.3276 2044.46 105.832 41.349 1938.63 1910.37
internal_count=8158 3895 3644 2209 1435 300 226 1135 1053
is_linear=0
shrinkage=0.03


Tree=18
num_leaves=18
num_cat=1
split_feature=48 28 4 25 24 48 8 24 27 45 25 25 24 27 5 26 26
split_gain=270.904 96.8103 173.741 116.159 37.4791 37.9195 72.8319 106.182 94.3802 103.917 32.717 19.597 56.5042 17.8286 8.66121 6.7198 19.4043
threshold=29.097467116519752 3.5000000000000004 0 2378.3346052631587 0.061967863136559879 424.89080142045322 0.31666666666666671 5.0119009836577231 19.625694444444449 0.1508182220256524 29857.055555555558 219984.69856166851 0.12914163468378795 502571.53694444452 3.5000000000000004 0.57535085920876361 0.15168115064671658
decision_type=2 2 9 2 2 2 2 2 2 2 2 2 2 2 2 2 2
left_child=-1 3 -3 14 -5 6 7 -6 9 -8 15 12 -12 -7 -2 16 -10
right_child=1 2 -4 4 5 13 8 -9 10 -11 11 -13 -14 -15 -16 -17 -18
leaf_value=-0.025986157086676988 0.13167828445185148 0.073331691318182887 -0.02156223823407823 0.091427195296638314 -0.031922041551065324 0.063403075094966344 0.052671589232102911 0.053580031487498729 0.067259012982038957 -0.031157958393612017 0.041180229983342281 0.055868474960526035 -0.027808868376430356 0.044520562391909574 0.064208164230159043 0.069724462111225807 0.024601630183067911
leaf_weight=29.868413782678545 25.653648894280195 12.674391989596188 35.960135695524514 49.39960990473628 21.864254033192992 1506.8918821094558 21.46155421435833 20.744728360325098 19.089567352086306 22.110925761051476 24.82439271453768 20.448048278689384 12.371564876288174 101.34780667722225 20.712459529750049 186.38583982922137 32.621501392684877
leaf_count=3233 40 33 2884 70 249 682 19 6 11 286 54 2 99 104 105 150 129
internal_value=0.0601109 0.0613736 0.0173507 0.0623561 0.0609885 0.0600057 0.0494357 0.010961 0.0540378 0.0113037 0.0600414 0.0345897 0.0176579 0.0623548 0.110722 0.0653651 0.0448905
internal_weight=2164.43 2134.56 48.6345 2085.93 2039.56 1990.16 381.922 42.609 339.313 43.5725 295.741 57.644 37.196 1608.24 46.3661 238.097 51.7111
internal_count=8156 4923 2917 2006 1861 1791 1005 255 750 305 445 155 153 786 145 290 140
cat_boundaries=0 2
cat_threshold=0 1024
is_linear=0
shrinkage=0.03


Tree=19
num_leaves=13
num_cat=2
split_feature=30 3 3 48 25 27 25 26 25 25 25 25
split_gain=344.414 156.75 46.4119 239.386 120.722 37.278 28.9125 8.47011 65.8173 0.312207 73.262 4.05159
threshold=1.2424533248940004 0 1 141.42953584434608 159988.58333333334 124.8452777777778 10084.478260869568 0.52471452508562699 8743.4769230769252 33972.923076923085 16336.566666666669 27389.509692307693
decision_type=2 9 9 2 2 2 2 2 2 2 2 2
left_child=2 -2 5 4 -4 -1 7 8 -5 10 -8 -12
right_child=1 -3 3 6 -6 -7 9 -9 -10 -11 11 -13
leaf_value=0.068773909134137626 0.053023754304324815 -0.024776654555829686 -0.031880404757030745 -0.027260658856598667 0.048220750329914228 0.097783698798442606 0.06115010685774664 0.046607063403145653 0.046504721458178841 0.059977569844406144 0.012839598312746673 0.030372912034188824
leaf_weight=264.79723910614848 18.008160758763552 64.538542451802641 40.036884700879455 13.586048183031378 22.143911777995527 99.770705639384687 172.94110251776874 22.789713779464364 23.112284732982516 1356.5042783655226 37.694624418392777 30.478976873680949
leaf_count=155 43 5999 830 188 31 61 96 22 23 516 129 75
internal_value=0.0574352 -0.00251845 0.0598105 0.0554323 -0.00188885 0.0758754 0.0579159 0.0325003 0.0192019 0.058758 0.0508174 0.0222181
internal_weight=2166.4 82.5467 2083.86 1719.29 62.1808 364.568 1657.11 59.488 36.6983 1597.62 241.115 68.1736
internal_count=8168 6042 2126 1910 861 216 1049 233 211 816 300 204
cat_boundaries=0 4 12
cat_threshold=0 0 0 4194304 0 0 8 0 0 0 2 142639616
is_linear=0
shrinkage=0.03


Tree=20
num_leaves=10
num_cat=1
split_feature=28 3 48 48 12 0 12 42 42
split_gain=525.054 41.4274 298.031 43.8755 59.7711 97.3459 19.8406 8.16345 0.633762
threshold=2.5000000000000004 0 188.3275807969878 917.64620694648954 80987.631173882706 20003.000000000004 410914.1367869153 0.030379941547454242 0.072676485525647552
decision_type=2 9 2 2 2 2 2 2 2
left_child=1 6 -3 4 -4 -6 7 -1 -9
right_child=-2 2 3 -5 5 -7 -8 8 -10
leaf_value=0.062098995448882491 -0.028306091518337254 -0.031594114658091289 0.046874455534012115 0.055715918322371064 0.043325560536109912 -0.0343036281279109 0.079773720858464445 0.029981907685677135 0.050856920481406755
leaf_weight=1096.2540538273752 64.03422237187624 37.628494694363326 120.88070796616375 592.93578221276402 25.525648749433458 22.888488125987351 108.2793396236375 30.061682815663517 93.376512347720563
leaf_count=392 6035 770 150 267 54 228 53 83 136
internal_value=0.0545131 0.057066 0.0469212 0.0515894 0.0359532 0.00684958 0.062159 0.0607835 0.0471382
internal_weight=2191.86 2127.83 799.859 762.231 169.295 48.4141 1327.97 1219.69 123.438
internal_count=8168 2133 1469 699 432 282 664 611 219
cat_boundaries=0 8
cat_threshold=75497472 524288 16520 67112968 0 1081344 1074266114 3533881856
is_linear=0
shrinkage=0.03


Tree=21
num_leaves=12
num_cat=2
split_feature=28 21 21 4 48 3 27 24 48 26 15
split_gain=227.666 221.156 105.015 67.2775 136.408 168.29 58.0489 25.957 16.6017 5.82248 1.97951
threshold=2.5000000000000004 123.50000000000001 124.50000000000001 0 465.12932217083602 1 75.622361111111118 0.056704081646466745 1974.8980232193289 0.19076453700037335 -0.086105928715835792
decision_type=2 2 2 9 2 9 2 2 2 2 2
left_child=3 -2 -3 7 5 10 -6 -1 -8 -9 -5
right_child=1 2 -4 4 6 -7 8 9 -10 -11 -12
leaf_value=0.086813870352674322 -0.028051212197312197 0.11884544523834775 -0.016351768034407282 0.062068111307202051 0.054306624030787252 -0.028965914225098019 0.0094096578146450841 0.072942580668520149 0.036226659435690589 0.057630531064023008 0.032241982267618575
leaf_weight=50.13708524312824 56.260242747142911 12.184917203150691 5.8368394593708208 19.713577700778842 375.19332559779286 45.40217799693346 40.564974792301655 98.384724204428494 50.596379969269037 1359.8700454412028 29.064009903930128
leaf_count=107 5337 14 678 3 196 672 141 92 52 744 141
internal_value=0.0535819 0.00185065 0.0810167 0.0554303 0.0416525 0.00889911 0.0489861 0.0597259 0.0254034 0.0589093 0.0412718
internal_weight=2143.21 74.282 18.0218 2068.93 560.534 94.1798 466.355 1508.39 91.1614 1458.25 48.7776
internal_count=8177 6029 692 2148 1205 816 389 943 193 836 144
cat_boundaries=0 2 10
cat_threshold=301989937 229424 0 0 0 0 0 0 1024 1073741824
is_linear=0
shrinkage=0.03


Tree=22
num_leaves=14
num_cat=1
split_feature=48 3 31 48 48 20 5 26 9 20 48 48 48
split_gain=210.972 108.282 267.74 188.727 184.339 48.6787 46.2117 117.763 10.2699 8.39095 57.5703 40.5085 2.94534
threshold=29.097467116519752 0 0.011381464472145367 127.94754919539201 9367.3809655647656 1.5000000000000002 2.5000000000000004 0.2765571053700317 0.59326056003796868 36.500000000000007 1125.7129145979072 384.71447881652654 88.651328998073495
decision_type=2 9 2 2 2 2 2 2 2 2 2 2 2
left_child=-1 3 4 -2 -3 6 -4 -8 -5 10 11 12 -7
right_child=1 2 5 8 -6 9 7 -9 -10 -11 -12 -13 -14
leaf_value=-0.025688419323758087 0.12636724070420796 -0.02885466639478005 0.044119637971280753 0.051839949260262246 0.068266572929111202 0.024145439311246398 0.049633884486254616 -0.039159884231745393 0.072274276932364309 0.056907488622073593 0.054700952541978279 0.0059908727278867261 0.043603992141044948
leaf_weight=27.707582079339772 56.198009297251701 61.758294192608446 98.004565622657537 131.45634006522596 18.891217571683228 30.818218841217458 22.345926454290748 21.53444741293788 136.01943146437407 900.33992515690625 574.68585718795657 39.576260421425104 127.48644335195422
leaf_count=3242 79 3739 88 139 8 120 21 115 34 262 93 85 164
internal_value=0.0527863 0.0538217 0.049573 0.0738155 -0.00344797 0.0522046 0.0331057 0.00650974 0.063367 0.053721 0.0496654 0.0340536 0.0406711
internal_weight=2246.82 2219.11 1895.44 323.674 80.6495 1814.79 141.885 43.8804 267.476 1672.91 772.567 197.881 158.305
internal_count=8189 4947 4695 252 3747 948 224 136 173 724 462 369 284
cat_boundaries=0 8
cat_threshold=0 0 8 71303168 0 0 67108866 2130432
is_linear=0
shrinkage=0.03


Tree=23
num_leaves=18
num_cat=2
split_feature=48 3 48 21 4 2 25 45 45 48 45 11 25 48 5 5 11
split_gain=252.914 123.174 245.027 87.4123 350.222 192.082 84.5187 15.6297 15.1729 47.9831 10.6588 62.3308 1.31694 5.10123 0.670947 21.565 89.6657
threshold=47.886069415063226 0 127.94754919539201 33.500000000000007 1 4.5000000000000009 2378.3346052631587 0.36529764993698571 0.20934328132101199 4805.6228427988708 2.0132435953104655 277273.50000000006 16536.712012509201 91.449000251303758 11.500000000000002 37.500000000000007 54252.452830188689
decision_type=2 9 2 2 9 2 2 2 2 2 2 2 2 2 2 2 2
left_child=-1 6 -3 4 7 -6 -2 -4 9 -5 11 -9 13 -8 -10 16 -16
right_child=1 2 3 8 5 -7 12 10 14 -11 -12 -13 -14 -15 15 -17 -18
leaf_value=-0.026628478975138446 0.099498929581044129 -0.031330881958971317 0.056554923465367654 -0.026758465658926433 -0.042028120267190681 0.053234110311441075 0.080449038849296869 -0.030312162999618201 0.056639642857994506 0.04575214437936239 0.047400470414070306 0.044450455081343085 0.054530517173556309 0.05655561049354358 -0.033442791668972814 0.056465252451201639 0.046044350092473908
leaf_weight=35.63292387733236 49.527839722111821 37.854831470642239 172.24310601549223 8.1693576336838323 73.195017233025283 20.535625457763672 55.688079613726586 11.924308179877697 316.80741287348792 20.652591705322266 21.031492948532104 21.088824605569243 793.19998581474647 152.83154660556465 13.13976508984342 62.397167772054672 44.839043070562184
leaf_count=4004 39 1194 184 176 1110 1 61 173 198 1 4 14 545 180 187 18 43
internal_value=0.0495131 0.051027 0.0395491 0.0436391 0.0306983 -0.0177229 0.0588609 0.0493375 0.0521057 0.0242821 0.0318497 0.0170112 0.0569521 0.0646711 0.0536447 0.0438183 0.0268052
internal_weight=1910.76 1875.13 823.879 786.024 320.018 93.7306 1051.25 226.288 466.005 28.8219 54.0446 33.0131 1001.72 208.52 437.183 120.376 57.9788
internal_count=8132 4128 3303 2109 1486 1111 825 375 623 177 191 187 786 241 446 248 230
cat_boundaries=0 8 10
cat_threshold=8388608 524288 136 612368392 0 1048576 1141374978 2585969152 4133 131072
is_linear=0
shrinkage=0.03


Tree=24
num_leaves=15
num_cat=2
split_feature=48 3 48 3 27 25 24 27 20 16 27 14 43 14
split_gain=185.614 129.034 251.26 299.873 87.3073 56.129 48.0869 19.5326 30.4894 19.2898 78.8426 16.776 2.2975 0.326103
threshold=29.097467116519752 0 698.75997864701992 1 40.696388888888897 2378.3346052631587 0.052718903879221748 19.625694444444449 2.5000000000000004 1.0000000180025095e-35 18.991111111111113 138659.63597696251 0.4431524547803618 12090.372114362273
decision_type=2 9 2 9 2 2 2 2 2 2 2 2 2 2
left_child=-1 5 3 4 -3 -2 -7 9 11 -4 -11 -9 -8 -10
right_child=1 2 7 -5 -6 6 12 8 13 10 -12 -13 -14 -15
leaf_value=-0.025449723033616718 0.091229498799721004 -0.026544182693195976 0.046867618469025457 -0.031714581972605911 0.053367696709640283 0.096725973062220125 0.055793404080795556 0.010723019098191363 0.039076072758936611 -0.036138533988869022 0.044188932644100141 0.043609988667380896 0.041911179253922723 0.053464820811643068
leaf_weight=26.197420798707753 52.553319561295211 11.069563162047414 20.825375309213996 82.324463699478656 89.516673900652677 29.790815417654812 1173.2140594967641 36.620824487879872 71.371198245324194 14.531191457062958 20.575262764468789 23.266196526587009 91.037211239803582 487.80858262628317
leaf_count=3235 73 285 4 2513 138 26 1081 105 161 183 2 19 110 246
internal_value=0.0499889 0.0509409 0.0391528 0.00814738 0.0399493 0.0575629 0.0562929 0.0480088 0.0496921 0.0268282 0.0105797 0.0258756 0.0549628 0.0519909
internal_weight=2230.7 2204.5 857.909 182.911 100.586 1346.6 1294.04 674.999 619.067 55.9318 35.1065 59.887 1264.25 559.18
internal_count=8181 4946 3656 2936 423 1290 1217 720 531 189 185 124 1191 407
cat_boundaries=0 8 16
cat_threshold=0 524288 18560 79695880 0 1048576 1141375106 2594226688 0 0 0 536870912 0 32768 1024 1073741824
is_linear=0
shrinkage=0.03


Tree=25
num_leaves=14
num_cat=2
split_feature=3 24 27 29 4 47 41 21 30 24 24 21 25
split_gain=98.9966 350.959 182.298 138.021 38.5776 240.035 33.8297 52.5977 20.3719 105.128 13.218 9.52524 5.51503
threshold=0 0.88676543242138417 18.991111111111113 0.33929505281874284 1 16647.055000000004 0.0053918149052435771 241.00000000000003 0.89587973461402759 1.7150365196980115 1.1524682923671759 17.500000000000004 45227.980769230773
decision_type=9 2 2 2 9 2 2 2 2 2 2 2 2
left_child=4 3 -3 -2 8 -6 7 -4 10 -10 12 -8 -1
right_child=1 2 6 -5 5 -7 11 -9 9 -11 -12 -13 -14
leaf_value=0.069462180547097865 -0.034093932477935344 -0.034044762675734357 -0.023398103927000157 0.046160969727264765 -0.029720104362407924 0.048014775822056835 0.040145722500523624 0.043122983163410837 -0.01874052229534769 0.084803300074320881 0.052368791697216067 0.05303738569079125 0.054036303971305391
leaf_weight=217.40775575581938 75.450451015960425 21.863098409026861 14.271348144393412 20.672029495239258 36.293252112809569 360.26858969777822 169.99049357697368 20.429632186889648 7.9110110574401906 93.238019855227321 606.49993696808815 439.90646562399343 188.18329524807632
leaf_count=135 3578 642 900 1 1661 153 138 1 678 134 100 65 30
internal_value=0.0487869 0.0370315 0.0452043 -0.0154053 0.0539817 0.0396321 0.0481336 0.0162638 0.0584985 0.0762037 0.0569382 0.0497999 0.0630502
internal_weight=2272.39 762.584 666.461 96.1225 1509.8 396.562 644.598 34.701 1113.24 101.149 1012.09 609.897 405.591
internal_count=8216 5325 1746 3579 2891 1814 1104 901 1077 812 265 203 165
cat_boundaries=0 8 10
cat_threshold=75497472 2097152 81928 742395912 2097154 1048576 1141375104 3668099584 301989945 230448
is_linear=0
shrinkage=0.03


Tree=26
num_leaves=16
num_cat=1
split_feature=48 4 17 31 48 0 48 8 13 48 25 31 48 25 27
split_gain=166.831 62.6367 241.932 140.65 67.3685 74.8968 50.6125 35.6951 39.8216 30.2433 28.8733 32.6898 10.1395 14.5987 91.9602
threshold=29.097467116519752 0 -0.37437139855031781 0.011381464472145367 49.641250915176251 2515.0000000000005 373.33807071620623 6.1500000000000012 6943444639.8841352 47.886069415063226 2378.3346052631587 0.0026797627989971896 2389.2737322294906 10856.349206349209 416.82777777777784
decision_type=2 9 2 2 2 2 2 2 2 2 2 2 2 2 2
left_child=-1 4 -3 -4 5 -2 7 8 -5 -7 -6 -12 13 14 -13
right_child=1 2 3 6 10 9 -8 -9 -10 -11 11 12 -14 -15 -16
leaf_value=-0.025202341900876706 0.15900202267674149 -0.036874938736343829 -0.025565445355870003 -0.030726771454343185 0.082092275852326813 -0.013275309153330073 0.048880750852936389 0.046731159119905968 0.021815612273801407 0.063168949854306919 0.082275039540784356 -0.029265578275799588 0.054686348953941123 0.047957910656106495 0.048400521946104273
leaf_weight=24.751045996788889 8.7611792962998134 33.565703887026757 23.41558452276513 15.556566839106379 37.04862974351272 3.8585552098229554 458.59640738740563 21.610700145363808 30.322562665678561 19.54759565833956 36.764229031745344 15.140140981879084 554.66298272740096 851.36587191559374 44.588400523178279
leaf_count=3218 4 708 1417 117 130 373 148 8 79 15 189 336 101 1288 40
internal_value=0.0481289 0.0490276 0.0366094 0.0420503 0.0529358 0.097427 0.0452722 0.0190716 0.00273091 0.0504484 0.0520366 0.0510257 0.0499648 0.0468076 0.0279736
internal_weight=2179.56 2154.81 583.068 549.502 1571.74 32.1673 526.086 67.4898 45.8791 23.4062 1539.57 1502.52 1465.76 911.094 59.7285
internal_count=8171 4953 2477 1769 2476 392 352 204 196 388 2084 1954 1765 1664 376
cat_boundaries=0 2
cat_threshold=301989941 164912
is_linear=0
shrinkage=0.03


Tree=27
num_leaves=14
num_cat=2
split_feature=3 48 48 13 29 3 21 48 48 0 0 21 21
split_gain=205.147 136.877 42.8123 114.594 35.2539 219.108 31.8636 59.4216 29.6914 51.3845 12.5991 31.1833 3.82003
threshold=0 29.097467116519752 49.641250915176251 167394320.46536228 1.0000000180025095e-35 1 106.50000000000001 9367.3809655647656 424.89080142045322 20500.938800000004 10520.000000000002 78.500000000000014 2.5000000000000004
decision_type=9 2 2 2 2 9 2 2 2 2 2 2 2
left_child=-1 -2 3 -3 5 6 7 -4 9 10 11 12 -6
right_child=1 2 4 -5 8 -7 -8 -9 -10 -11 -12 -13 -14
leaf_value=-0.026738327655388045 -0.024437992007561141 0.10461714171964399 -0.021532878434484402 -0.017735997228519894 0.024576801415987337 -0.023081638401126241 0.083420366042398261 0.057862256226656722 0.049930740197771634 0.0057705685597738681 0.047847076387251386 0.049868273134496564 0.0087406599380008276
leaf_weight=29.367075794842094 20.881919531151652 29.90079088928178 9.5928138550370949 6.9532997054047874 27.459649667143822 43.068472286686301 35.900348508730531 20.122364044189453 1812.4850136004388 39.891298171132803 206.54913866147399 44.787331273779273 39.542555453255773
leaf_count=1052 2756 32 267 676 50 2551 17 1 378 100 145 30 134
internal_value=0.0462284 0.0471134 0.0480127 0.0821716 0.0472817 0.0282451 0.0564573 0.0328217 0.0481678 0.0386833 0.0426547 0.0314231 0.0164868
internal_weight=2366.5 2337.13 2316.25 36.8541 2279.4 108.684 65.6155 29.7152 2170.71 358.23 318.339 111.79 67.0022
internal_count=8189 7137 4381 708 3673 2836 285 268 837 459 359 214 184
cat_boundaries=0 9 17
cat_threshold=0 0 8 0 8 0 0 672137216 1 0 0 0 4194304 0 0 0 10485760
is_linear=0
shrinkage=0.03


Tree=28
num_leaves=19
num_cat=2
split_feature=3 48 4 48 16 26 48 0 25 5 2 14 44 26 26 26 26 25
split_gain=176.049 131.3 64.8798 187.295 49.0347 89.7967 48.7805 50.0453 27.3212 24.4301 21.7756 51.5368 9.34238 5.59612 7.09774 41.6736 2.22766 1.8676
threshold=0 29.097467116519752 1 200.04880939929578 303098.30419816944 0.11455536074372451 49.641250915176251 2515.0000000000005 2378.3346052631587 41.500000000000007 1.5000000000000002 64027.474793041452 0.10033557046979867 0.4609980400994777 0.19076453700037335 0.34222485182578122 0.18081663663319295 15706.053679653684
decision_type=9 2 9 2 2 2 2 2 2 2 2 2 2 2 2 2 2 2
left_child=-1 -2 6 -4 10 -6 7 -3 -8 -9 12 -12 -5 14 16 -16 -10 -15
right_child=1 2 3 4 5 -7 8 9 13 -11 11 -13 -14 17 15 -17 -18 -19
leaf_value=-0.026205829323615266 -0.02442242365005752 0.13538455294320906 -0.030889088444874844 0.020543353481231388 0.043180391593731271 -0.037473089251040467 0.078119432204952877 -0.012576282149244328 0.027418988316118671 0.057580177877927574 -0.032480806638536419 0.037872789100213189 0.04510839751833283 0.05806627505984141 -0.026066326757682685 0.035706409511400368 0.052236591353965113 0.048012707038279319
leaf_weight=26.110819120891392 20.829116081353277 10.603397715836762 33.674399476498365 27.079634732101113 21.742888051550835 18.297963676042855 38.031875734683126 3.5115575934760299 26.488061504904181 20.216624290216714 9.7742511257529276 22.145416353363544 375.54779938515276 148.92321304604411 8.2864397382363659 47.201972692273557 40.777487637475133 1205.3585156598128
leaf_count=878 2815 3 1293 100 38 251 116 339 146 14 131 42 442 136 187 139 14 1041
internal_value=0.0447448 0.0456037 0.0465912 0.033368 0.0388976 0.0062548 0.0502695 0.0879037 0.0494611 0.0468158 0.0418001 0.0148483 0.0437285 0.0484621 0.037355 0.0250894 0.0450371 0.0493278
internal_weight=2104.6 2078.49 2057.66 508.262 474.588 40.0409 1549.4 34.3316 1515.07 23.7282 434.547 31.9197 402.627 1477.04 122.754 55.4884 67.2655 1354.28
internal_count=8125 7247 4432 2297 1004 289 2135 356 1779 353 715 173 542 1663 486 326 160 1177
cat_boundaries=0 9 11
cat_threshold=0 0 8 0 8 0 1057 536870912 1 301994036 230432
is_linear=0
shrinkage=0.03


Tree=29
num_leaves=13
num_cat=1
split_feature=28 20 3 0 20 20 45 0 15 26 24 0
split_gain=160.004 148.773 50.7531 214.897 49.9346 43.5548 96.7079 114.749 11.6117 7.83821 15.668 7.22453
threshold=2.5000000000000004 123.50000000000001 0 15550.000000000002 124.50000000000001 26.500000000000004 0.36529764993698571 16030.894700000003 0.17629963001011578 0.15168115064671658 0.056704081646466745 20003.000000000004
decision_type=2 2 9 2 2 2 2 2 2 2 2 2
left_child=2 -2 9 -4 -3 6 8 -8 -5 -1 -11 -10
right_child=1 4 3 5 -6 -7 7 -9 11 10 -12 -13
leaf_value=0.065058878019137012 -0.027803289161954906 0.077088173385324393 -0.031780698728064743 0.042641474399159288 -0.015165853367450768 0.045952368147164385 0.042414224531589745 -0.041128028633619411 0.034294732034015771 0.069828804975761702 0.048349991740375887 0.010497564277510899
leaf_weight=81.878872432745993 50.292672232259065 17.519026070367548 35.513734833803028 158.86416067183018 5.0054456959478548 485.39447372220457 20.336967468261719 30.761944534257054 22.292279723100364 54.628919755108654 1288.5752313947305 31.350546054542065
leaf_count=75 5319 15 729 139 679 201 1 233 17 70 597 91
internal_value=0.0444009 0.000602583 0.0458397 0.0364672 0.0575564 0.0403761 0.0294439 -0.007062 0.0381826 0.0502474 0.0494793 0.0224678
internal_weight=2282.41 72.8171 2209.6 784.514 22.5245 749 263.606 51.0989 212.507 1425.08 1343.2 53.6428
internal_count=8166 6013 2153 1411 694 682 481 234 247 742 667 108
cat_boundaries=0 8
cat_threshold=8388608 0 18440 209719304 2097152 1048576 1073741986 3666002432
is_linear=0
shrinkage=0.03


Tree=30
num_leaves=18
num_cat=1
split_feature=30 6 6 1 11 4 27 0 27 24 45 6 43 6 27 6 6
split_gain=137.373 102.46 48.2873 35.2415 87.6871 15.1048 85.4819 107.158 54.374 120.018 39.7245 57.0083 31.1567 3.59832 9.47871 2.49693 0.125459
threshold=1.4978661367769956 74.500000000000014 75.500000000000014 2.5000000000000004 172033.87500000003 0 502571.53694444452 995000.00000000012 18.991111111111113 1.6173265884850527 0.094202898550724612 113.50000000000001 0.36811857229280104 16.500000000000004 191.24569444444447 60.500000000000007 50.500000000000007
decision_type=2 2 2 2 2 9 2 2 2 2 2 2 2 2 2 2 2
left_child=3 -2 -3 5 -5 12 8 -8 9 -7 11 -10 15 14 -12 -1 -11
right_child=1 2 -4 4 -6 6 7 -9 10 16 13 -13 -14 -15 -16 -17 -18
leaf_value=0.04932902261481479 -0.027129559254537264 0.063293491104656152 -0.017408153902652455 -0.03469393215978573 0.04120091888315907 -0.0348223089056377 -0.040647693123018379 0.043601666767718282 -0.032032908826559452 0.026013534167942901 0.041163391017865834 0.038442429586363541 0.06662502437556099 0.047622972044886289 0.016816181271086812 0.036628373072214941 0.040109959323532514
leaf_weight=940.20550075685605 40.847257974091917 19.602963545825336 6.6669262447394422 15.282348296605049 40.142231377772987 22.688424300868064 23.674925839528441 20.824824005365372 12.751490357797591 49.909138923510909 87.110891382209957 20.289926324039698 134.75625012721866 650.89494394371286 29.115426116622984 89.855624810792506 64.50689771771431
leaf_count=495 4785 34 846 191 11 380 149 2 172 83 107 8 108 407 114 168 42
internal_value=0.0439269 0.00152934 0.0433039 0.0452128 0.019135 0.0458401 0.0393443 -0.000799281 0.0416619 0.0228855 0.0447171 0.0106088 0.0503567 0.046108 0.0360094 0.0484034 0.0353076
internal_weight=2269.13 67.1171 26.2699 2202.01 55.4246 2146.58 981.767 44.4997 937.267 137.104 800.163 33.0414 1164.82 767.121 116.226 1030.06 114.416
internal_count=8102 5665 880 2437 202 2235 1464 151 1313 505 808 180 771 628 221 663 125
cat_boundaries=0 2
cat_threshold=33554469 229424
is_linear=0
shrinkage=0.03


Tree=31
num_leaves=17
num_cat=1
split_feature=48 3 48 25 20 26 12 20 25 8 12 8 25 25 5 8
split_gain=168.661 90.4962 168.049 178.726 54.8354 58.671 136.131 20.2154 17.1699 8.43227 7.55801 6.34154 4.83368 28.0922 0.731193 20.8719
threshold=47.886069415063226 0 465.12932217083602 5495.2472794959922 21.500000000000004 5.3281627058029093 110605.39325108044 1.0000000180025095e-35 2378.3346052631587 1.95 109816.65828621168 5.1500000000000012 202119.67356166852 66424.979615705946 63.500000000000007 1.9000000000000001
decision_type=2 9 2 2 2 2 2 2 2 2 2 2 2 2 2 2
left_child=-1 7 3 14 5 6 10 -2 -9 -10 -4 12 13 -11 15 -3
right_child=1 2 4 -5 -6 -7 -8 8 9 11 -12 -13 -14 -15 -16 -17
leaf_value=-0.025985648721806628 0.025248192914680959 -0.016999822013277703 0.017674063296400755 -0.03566418481362766 0.044224672167555143 0.038805192650508642 -0.043330368176758574 0.067753762036232595 0.047967275543156364 -0.026456964918926691 0.04593196929864593 0.04358748625231957 0.032995032972686571 0.02766314049104085 0.04765084302031411 0.036614788348393122
leaf_weight=29.887196390889585 52.90420301258564 5.3924594209529486 28.839463902171701 61.151442132424563 372.91644633002579 85.48797668563202 29.78399157570675 61.584201139397919 1203.1170082823373 7.9926469246856895 20.751772232353687 39.40786084253341 20.580431615002453 22.671548462472856 20.80070087313652 21.522444817237556
leaf_count=3973 59 258 126 1484 286 63 407 96 1063 162 3 5 23 45 3 69
internal_value=0.0413348 0.0423747 0.0304739 -0.00294526 0.0377655 0.0222833 0.00324393 0.0471628 0.0482689 0.0470842 0.0326226 0.033469 0.0225046 0.0118252 0.0383922 0.0248926
internal_weight=2084.79 2054.9 646.647 108.867 537.78 164.863 79.3752 1408.26 1355.35 1293.77 49.5912 90.6525 51.2446 30.6642 47.7156 26.9149
internal_count=8125 4152 2699 1814 885 599 536 1453 1394 1298 129 235 230 207 330 327
cat_boundaries=0 8
cat_threshold=0 524288 2176 79691784 2097154 1081344 1140850690 3668099584
is_linear=0
shrinkage=0.03


Tree=32
num_leaves=19
num_cat=2
split_feature=48 3 47 21 12 25 24 48 21 0 4 25 27 25 24 25 31 25
split_gain=121.564 82.3464 283.739 35.0331 54.0033 95.7446 29.5579 19.0567 63.8361 126.29 17.8704 93.0193 48.2303 62.9884 9.17743 9.00904 6.00922 36.3686
threshold=29.097467116519752 0 10520.000000000002 2.5000000000000004 13243.579674885872 12908.119047619048 0.056704081646466745 1706.1873384433788 38.500000000000007 19990.000000000004 1 14176.162561576357 191.24569444444447 259044.05312500003 1.4050396599765347 15706.053679653684 0.13238330543005788 34900.888888888898
decision_type=2 9 2 2 2 2 2 2 2 2 9 2 2 2 2 2 2 2
left_child=-1 6 -3 4 -4 -6 -2 8 9 -5 15 -12 14 -14 16 -8 17 -13
right_child=1 2 3 7 5 -7 10 -9 -10 -11 11 12 13 -15 -16 -17 -18 -19
leaf_value=-0.024584913010675846 0.07865628582547117 -0.030624146341959861 0.041540030890976701 0.036420556223939284 0.03481649319428079 -0.04277266898416926 0.060560754825687423 0.044847035875066929 0.042110737047555788 -0.041684385203670481 -0.028716263901454875 0.031718986122594814 -0.037295650828777852 0.03494248199571507 0.044826504720538798 0.048431747349398799 0.03882236167139335 -0.027693175930861992
leaf_weight=21.639765576925129 33.160973537713289 55.93906708387658 41.070290207862854 43.705478163436055 24.075929682701826 23.233889222145081 168.1403025216423 377.68718238174915 152.4327358705923 25.271322278305888 15.942218772601334 26.007869299966842 14.173840483650563 20.142923291772604 272.57725814823061 800.40748484153301 19.607154846191406 8.8198882755823416
leaf_count=3213 25 2848 8 33 24 104 165 55 73 127 414 180 138 7 271 311 1 209
internal_value=0.041673 0.0424048 0.031851 0.0375788 0.0184027 -0.00373385 0.0473862 0.040232 0.0315431 0.00692162 0.0466782 0.0345705 0.0386603 0.00415739 0.042164 0.0503207 0.0261821 0.0150855
internal_weight=2144.04 2122.4 743.416 687.477 88.3801 47.3098 1378.98 599.097 221.41 68.9768 1345.82 377.271 361.329 34.3168 327.012 968.548 54.4349 34.8278
internal_count=8206 4993 3272 424 136 128 1721 288 233 160 1696 1220 806 145 661 476 390 389
cat_boundaries=0 8 10
cat_threshold=8388608 2621440 33570952 205525000 2097154 1081344 1073741954 3399664128 33554485 99344
is_linear=0
shrinkage=0.03


Tree=33
num_leaves=15
num_cat=1
split_feature=3 48 29 17 27 23 13 31 27 27 12 25 21 17
split_gain=123.343 292.214 101.646 42.6184 27.3401 52.5666 87.3824 8.4816 74.8437 36.3554 6.02153 6.23445 2.7988 5.91588
threshold=0 200.04880939929578 1.0000000180025095e-35 -0.782567892915074 30.675138888888892 141840.53293172695 42479253878.825531 0.0088443091267063675 95.822083333333339 97.332500000000024 410914.1367869153 4465.476823185415 56.500000000000007 -0.046531089169789687
decision_type=9 2 2 2 2 2 2 2 2 2 2 2 2 2
left_child=7 -2 -3 -4 5 6 -5 8 -1 -10 11 -9 13 -6
right_child=1 2 3 4 12 -7 -8 10 9 -11 -12 -13 -14 -15
leaf_value=-0.022828238900128341 -0.031556210595203874 -0.025255330542165395 0.0042803699552776756 -0.04143238539904278 0.030967499504858567 0.03989494992845323 0.03581943652761755 0.060035698587514598 0.07021575253516954 -0.013649426832546609 0.055842009317376567 0.044391620150095873 0.047036446295592803 0.043394264313779733
leaf_weight=14.591698262374846 61.864661275409162 21.26170171238482 35.5034967251122 21.178151648491621 159.66669028438628 58.80856429040432 21.56018752977252 63.750745610333979 18.522206288762394 3.9984460934065273 167.42428178992122 1167.5004059933126 199.52487599104643 148.39903488010168
leaf_count=1322 4297 1158 72 105 132 10 12 82 7 301 61 549 25 56
internal_value=0.0406148 0.0285266 0.0347272 0.0368847 0.0387348 0.0226416 -0.00279131 0.0461038 0.0256828 0.0555512 0.0468806 0.0454412 0.041702 0.0375511
internal_weight=2163.56 727.767 665.903 644.641 609.138 101.547 42.7383 1435.79 37.1124 22.5207 1398.68 1231.25 507.591 308.066
internal_count=8189 5867 1570 412 340 127 117 2322 1630 308 692 631 213 188
cat_boundaries=0 8
cat_threshold=8388608 524288 33638536 612372488 2097152 32768 1140850816 2594357760
is_linear=0
shrinkage=0.03


Tree=34
num_leaves=21
num_cat=2
split_feature=3 20 0 4 27 29 0 2 17 23 23 17 25 25 25 25 24 20 25 25
split_gain=102.295 88.7282 85.2154 48.5305 122.913 98.3978 86.7351 11.9603 118.569 26.8873 31.7926 10.5589 26.1299 80.4666 18.071 7.42322 7.18212 11.5638 5.51937 44.6146
threshold=0 208.50000000000003 4911.5000000000009 1 72.671111111111131 1.0000000180025095e-35 379000.00000000006 1.5000000000000002 -0.18622851131397741 9822.8600326797405 -38800.878378378373 -0.010302504499656898 34440.048660553737 15706.053679653684 40866.006895001839 529418.05258620705 2.7457611748325097 39.500000000000007 12500.054054054055 5495.2472794959922
decision_type=9 2 2 9 2 2 2 2 2 2 2 2 2 2 2 2 2 2 2 2
left_child=1 -1 -2 7 5 -5 -6 11 -9 10 -10 12 13 18 -13 -16 17 -7 19 -4
right_child=2 -3 3 4 6 16 -8 8 9 -11 -12 14 -14 -15 15 -17 -18 -19 -20 -21
leaf_value=-0.037401018927502548 -0.023133724879047225 0.037678699621477005 0.03684797431410694 -0.025312198608346343 -0.040638934578452419 0.011886811921656729 0.03124135721444635 -0.0343905492823397 0.030194503262913647 0.044431171561155759 -0.025195973465249714 0.053988315949071004 0.044549076482654666 -0.032849792736173597 0.014815358313730122 0.039926487967216318 0.042856111799573354 0.035790439574609825 0.046029863155689778 -0.026075808981693562
leaf_weight=29.21864910190925 15.861075606197117 19.284570747986436 46.922687555197626 19.707741829566658 33.317398942541331 33.180597132071853 20.359233287163079 16.497498135082424 23.153557422570884 237.64855154696852 9.4867378580383939 344.21144202211872 892.83739777468145 13.719577860087155 26.057443798519671 37.205562140792608 213.72935847938061 69.405706260353327 43.334421728271991 8.8035443429835123
leaf_count=912 1915 2 265 1325 543 71 15 538 51 149 337 352 712 405 140 4 34 57 88 267
internal_value=0.0393431 -0.00574461 0.0402296 0.0409567 0.0274288 0.0347933 -0.0130362 0.0435521 0.0360775 0.0409251 0.0128871 0.0452436 0.0427076 0.0268568 0.0509088 0.0314262 0.0388738 0.0289708 0.036307 0.0255789
internal_weight=2153.94 48.5032 2105.44 2089.58 389.7 336.023 53.6766 1699.88 286.786 270.289 32.6403 1413.09 1005.62 112.78 407.474 63.263 316.316 102.586 99.0607 55.7262
internal_count=8182 914 7268 5353 2045 1487 558 3308 1075 537 388 2233 1737 1025 496 144 162 128 620 532
cat_boundaries=0 9 11
cat_threshold=0 0 0 0 8 0 1025 536870912 3 4198461 230416
is_linear=0
shrinkage=0.03


Tree=35
num_leaves=18
num_cat=1
split_feature=28 3 0 45 12 27 5 44 25 25 12 12 0 12 25 44 25
split_gain=243.109 33.5956 189.559 33.2741 116.902 19.0392 49.0907 70.1232 13.2284 10.5598 9.24178 67.8155 8.54251 10.1841 1.95033 15.2406 61.7322
threshold=3.5000000000000004 0 10520.000000000002 0.20572745227123107 96627.972782352255 18.991111111111113 4.5000000000000009 0.94987468671679209 340637.11627906986 4465.476823185415 87095.215471407719 80080.034704022328 7855.0000000000009 92569.672324214669 23430.407098765438 0.24015503875968994 5353.1416040100257
decision_type=2 9 2 2 2 2 2 2 2 2 2 2 2 2 2 2 2
left_child=1 9 -3 4 8 6 -5 -8 10 -1 11 -4 13 -11 15 -7 -17
right_child=-2 2 3 5 -6 14 7 -9 -10 12 -12 -13 -14 -15 -16 16 -18
leaf_value=0.060983908861106974 -0.02737283134587281 -0.031344695708029391 -0.036865936963853013 0.040656213819243676 -0.040040839170745954 0.040160852642859346 -0.037490922564873387 0.035207852989633033 0.043537736404468785 0.040442200037283133 0.034042700653010856 0.039049213002223117 0.043415096832923418 0.068158912854655279 0.042279731319435875 0.039769688082460466 -0.032129230517190542
leaf_weight=83.694973367266357 44.528089597355574 33.766253093723208 13.348856186028568 58.488578391261399 18.888414013199508 66.354007177986205 19.473216871730983 18.335893630981445 59.039084896445274 59.482481086626649 19.492459200322628 20.329335573129356 888.38166800048202 57.56476076785475 706.95895184855908 23.230548615567386 12.765593226533381
leaf_count=64 5697 871 119 27 179 71 193 1 6 48 11 6 317 82 315 47 92
internal_value=0.0395989 0.0410398 0.0347934 0.0374217 0.0218815 0.0395388 0.0245345 -0.00224057 0.0335684 0.0462515 0.0197081 0.00808318 0.0451872 0.0563074 0.0411625 0.0318357 0.0134629
internal_weight=2204.12 2159.6 1070.47 1036.7 131.098 905.607 96.2977 37.8091 112.21 1089.12 53.1707 33.6782 1005.43 117.047 809.309 102.35 35.9961
internal_count=8146 2449 1938 1067 321 746 221 194 142 511 136 125 447 130 525 210 139
cat_boundaries=0 8
cat_threshold=0 524288 2056 75501576 0 1048576 67108866 2323825152
is_linear=0
shrinkage=0.03


Tree=36
num_leaves=18
num_cat=3
split_feature=48 4 3 3 48 48 5 45 18 48 18 14 14 25 48 48 48
split_gain=105.472 53.6285 148.467 57.1288 173.622 44.6671 99.801 44.7335 76.1027 21.0209 27.3691 11.6782 25.0312 48.7382 1.21933 1.95788 39.4328
threshold=29.097467116519752 0 1 2 188.3275807969878 1706.1873384433788 3.5000000000000004 0.61434162706178375 9.7340713961404557 54.266054234279601 7.865761377922488 88512.364149611865 6642.8884601617428 76057.14285714287 125.09995242770532 71.604607660930228 91.449000251303758
decision_type=2 9 9 9 2 2 2 2 2 2 2 2 2 2 2 2 2
left_child=-1 2 -2 9 -5 6 -6 11 -9 10 -3 12 -8 -14 15 -11 -17
right_child=1 3 -4 4 5 -7 7 8 -10 14 -12 -13 13 -15 -16 16 -18
leaf_value=-0.024238230306064038 0.034479441067533305 0.10296259910144576 -0.032317995795259069 -0.030609662760751485 -0.035427047526989525 0.041496572110125307 0.038726344694075744 0.038600762704100504 -0.035484208126533405 0.039010285015358477 0.038889375648202933 0.043360319554502029 -0.034410655322523138 0.029947312468656041 0.045546867244853101 0.039592154990682998 -0.025050051500303011
leaf_weight=20.154389010276645 78.313367254566401 13.986502829939125 31.376812606584281 34.332509791944176 19.026906363666058 408.58998672710732 40.481539173983037 19.546072006225586 20.387968034017831 64.005242798477411 24.526749625336379 103.54502934031188 12.989566606003789 20.848665696568787 1237.714881034568 22.689653013832871 8.2628623368218523
leaf_count=3260 104 6 584 1494 355 207 42 1 325 141 299 105 210 66 738 85 147
internal_value=0.0393667 0.0400146 0.0137829 0.0411136 0.0313451 0.0353327 0.0240602 0.0299354 0.00103764 0.0455645 0.0713157 0.0362177 0.0241604 0.00399259 0.0448972 0.0345743 0.0212519
internal_weight=2180.78 2160.62 109.69 2050.93 679.748 645.416 236.826 217.799 39.934 1371.19 38.5133 177.865 74.3198 33.8382 1332.67 94.9578 30.9525
internal_count=8169 4909 688 4221 2805 1311 1104 749 326 1416 305 423 318 276 1111 373 232
cat_boundaries=0 2 10 18
cat_threshold=1073741824 4736 0 0 0 0 0 0 0 2490368 0 524288 18568 213913608 0 1050624 1140851746 3665871360
is_linear=0
shrinkage=0.03


Tree=37
num_leaves=16
num_cat=2
split_feature=48 3 48 48 4 17 24 24 27 9 20 20 27 13 20
split_gain=99.017 63.2988 197.037 47.8212 182.715 44.2431 46.6612 17.4701 14.5842 40.2473 9.17003 7.36104 7.05285 2.12779 0.674637
threshold=29.097467116519752 0 188.3275807969878 1706.1873384433788 1 -0.32219924546110423 0.47357631795828908 0.052718903879221748 27.493333333333336 3.2226890756302526 106.50000000000001 41.500000000000007 0.21597222222222226 52903186312.14576 7.5000000000000009
decision_type=2 9 2 2 9 2 2 2 2 2 2 2 2 2 2
left_child=-1 7 -3 4 5 6 -4 -2 9 -7 12 -10 -9 -14 -5
right_child=1 2 3 14 -6 8 -8 10 11 -11 -12 -13 13 -15 -16
leaf_value=-0.024067624940684273 0.068965282083335425 -0.030892749404872924 0.027779598965998582 0.031109032424088218 -0.032102189039637963 -0.028600313686914375 -0.033396231787895449 0.019760769180934775 0.026248444181522019 0.036437357331382023 0.055454680101837045 0.045631038339142928 0.04287638793323572 0.029944819949668494 0.041732738681386293
leaf_weight=19.472575264982879 34.231199320405722 40.86827038647607 21.567441209685057 89.391433495096862 36.250845981761813 8.880952787119897 14.442837610375134 25.449838940054178 49.877258197870106 18.871681343764067 98.846401358023286 140.07951332209632 1123.2444879035465 63.697944085579365 376.9213399621658
leaf_count=3226 23 1943 39 118 630 161 291 91 171 2 68 56 1054 167 153
internal_value=0.038459 0.0390819 0.0300866 0.0339583 0.0236527 0.0320859 0.00216325 0.0437336 0.0383163 0.0144361 0.0431477 0.0413454 0.0419207 0.0423109 0.0400478
internal_weight=2162.09 2142.62 797.152 756.283 289.971 253.72 36.0103 1345.47 217.709 27.7526 1311.24 189.957 1212.39 1186.94 466.313
internal_count=8193 4967 3564 1621 1350 720 330 1403 390 163 1380 227 1312 1221 271
cat_boundaries=0 8 10
cat_threshold=0 0 18560 79695880 0 1048576 1140851746 2594357760 25 49153
is_linear=0
shrinkage=0.03


Tree=38
num_leaves=14
num_cat=2
split_feature=48 3 48 3 20 24 31 31 24 27 27 27 27
split_gain=93.9411 68.7759 171.68 299.233 26.2937 13.2493 8.71693 11.829 124.132 6.89119 14.2419 6.18038 4.00066
threshold=29.097467116519752 0 917.64620694648954 1 2.5000000000000004 0.052718903879221748 0.0026797627989971896 0.011381464472145367 5.4384257731036199 22.707361111111116 19.625694444444449 40.696388888888897 381.0604166666667
decision_type=2 9 2 9 2 2 2 2 2 2 2 2 2
left_child=-1 5 3 11 12 -2 -7 8 -8 10 -6 -3 -4
right_child=1 2 4 -5 9 6 7 -9 -10 -11 -12 -13 -14
leaf_value=-0.023961159514577848 0.065585378482031317 0.019212517112046634 0.024059079380726461 -0.033324035519892103 0.0075939606497767527 0.060374238413758108 -0.02640610587953993 0.042126710192529837 0.053487080366663477 0.041038536384711215 0.037147826980835082 0.043619228605494088 0.006891059371216591
leaf_weight=19.077205175533891 34.822153477929533 23.853090154007077 23.592059306800365 88.776722567155957 27.718718724790961 42.887232665903866 23.674322120845318 1203.3695408888161 43.152333329897374 455.34968542587012 36.165103497449309 83.039292874746025 31.541409272700548
leaf_count=3233 29 143 40 2740 121 172 943 286 41 279 15 71 71
internal_value=0.0374388 0.038047 0.0287194 0.00466583 0.0372984 0.0427219 0.0421932 0.041345 0.0253158 0.0394285 0.0258066 0.0360527 0.015627
internal_weight=2137.02 2117.94 770.036 195.669 574.367 1347.91 1313.08 1270.2 66.8267 519.234 63.8838 106.892 55.1335
internal_count=8184 4951 3480 2954 526 1471 1442 1270 984 415 136 214 111
cat_boundaries=0 8 16
cat_threshold=75497472 524288 18568 213909512 2097152 135266304 1073741858 2594357760 0 0 0 536870912 0 32768 67109888 1048576
is_linear=0
shrinkage=0.03


Tree=39
num_leaves=18
num_cat=2
split_feature=4 56 4 27 8 23 12 11 41 25 45 27 27 5 27 20 45
split_gain=138.361 56.486 154.872 47.8895 20.1719 25.6925 22.9044 22.5278 58.6119 113.565 16.3814 10.8066 15.5658 8.0022 4.18298 3.88821 17.3871
threshold=0 0.0095540376368741624 1 26.073888888888892 0.24999999999999997 -47660.64009661835 410914.1367869153 689192.50000000012 0.012739370334307045 167080.14705882355 0.094202898550724612 18.991111111111113 1.6136111111111113 17.500000000000004 3.6734722222222227 3.5000000000000004 0.29950166112956816
decision_type=9 2 9 2 2 2 2 2 2 2 2 2 2 2 2 2 2
left_child=-1 2 3 15 7 13 10 8 -3 -10 -7 12 -12 -6 -14 -2 -17
right_child=1 4 -4 -5 5 6 -8 -9 9 -11 11 -13 14 -15 -16 16 -18
leaf_value=-0.027593785007266575 0.04404287041076712 0.037161157374500237 -0.023450048885683923 -0.020860665441000407 0.00547337056978722 0.018697862406783904 0.057598298282300661 0.040970194436109206 -0.04287712501737833 0.030755405978372403 0.036559326015362034 0.041662009886742589 0.023560558495857861 0.029078549334876552 0.0057111414596114221 0.032458929638267325 -0.015457583215883206
leaf_weight=23.64905110723339 109.46398361073807 79.978404371999204 46.527058928273618 9.6053851316682977 30.12069328315556 45.503627812489867 90.562592499423772 90.793380704708397 27.581418741028756 39.735737882554531 135.37481968291104 1071.5331511935219 22.04921683575958 22.297238226979971 28.705351158510894 38.38158363988623 5.0185181316919616
leaf_count=795 24 62 4373 794 92 62 22 13 215 18 99 499 35 25 87 329 600
internal_value=0.0357925 0.0366074 0.0212484 0.0337517 0.0386615 0.0401385 0.0409378 0.0290488 0.0205966 -0.00029221 0.0395643 0.0402422 0.0311925 0.0171722 0.0148829 0.0398734 0.0258937
internal_weight=1916.88 1893.23 208.997 162.469 1684.24 1446.15 1393.73 238.089 147.296 67.3172 1303.17 1257.66 186.129 52.4179 50.7546 152.864 43.4001
internal_count=8144 7349 6120 1747 1229 921 804 308 295 233 782 720 221 117 122 953 929
cat_boundaries=0 2 4
cat_threshold=1073741824 3840 36 98320
is_linear=0
shrinkage=0.03


Tree=40
num_leaves=23
num_cat=1
split_feature=4 24 28 11 11 20 44 48 16 11 25 24 24 48 11 27 45 47 17 1 17 17
split_gain=90.0179 213.377 48.4392 75.8679 26.4453 14.5334 10.3213 22.1174 59.2283 19.5213 38.4836 11.0723 13.9969 54.9989 6.42134 21.0571 10.5548 5.47974 38.4763 4.99979 5.23784 4.63428
threshold=0 2.7457611748325097 3.5000000000000004 32538.840288924563 32262.02374872319 78.500000000000014 0.30451766304347833 188.3275807969878 121215.52293749667 57979.659574468089 159988.58333333334 0.056704081646466745 0.33273062643161738 1195.0537695752635 119820.38043478262 202.47347222222223 0.36353876376262056 390000.00000000006 0.22270801575655094 1.5000000000000002 0.40457019241500369 0.0054547495615199009
decision_type=9 2 2 2 2 2 2 2 2 2 2 2 2 2 2 2 2 2 2 2 2 2
left_child=1 -1 6 4 -4 17 7 8 9 10 -2 -8 13 -13 19 -16 -17 18 -3 -9 21 -21
right_child=2 5 3 -5 -6 -7 11 14 -10 -11 -12 12 -14 -15 15 16 -18 -19 -20 20 -22 -23
leaf_value=-0.039306448425134165 -0.025835775589165656 -0.03325555437772694 -0.01402444339691394 -0.025505060044181127 0.053623647541805854 0.039285863680575517 0.062506094749809726 0.040968102537504311 -0.02876176232231599 0.039236966502619347 0.033445751356577957 -0.027932301644650676 0.041610847918286578 0.038317916593348586 0.036666183710596059 0.00049017198609044538 0.027014542220685712 0.026932076517336891 0.028805853351410348 0.0089827696058933596 0.036758641777484502 0.028528761579615796
leaf_weight=46.424724435899407 12.73156535997987 9.5846991529688257 4.2858815817162421 25.846175727434456 20.748017459176481 90.03218313632533 35.821571993641555 542.88640603143722 14.255218628793953 61.279320555273443 17.645418805070221 11.502597371116279 838.78991459961981 35.647983551025391 111.71723761036992 31.851459943689406 18.681541599333286 18.831756427884102 18.713807502295822 29.124287528917193 55.668921813368797 23.194332325831056
leaf_count=1779 304 129 709 3576 28 48 77 215 305 74 5 202 439 2 69 120 12 7 23 83 21 30
internal_value=0.0359786 0.0128508 0.0379157 0.00829884 0.0416354 0.0321698 0.038915 0.035789 0.0211526 0.030002 0.00845986 0.041822 0.0406395 0.0210274 0.0375545 0.0295209 0.0118454 0.0161118 0.00594844 0.0393168 0.0295695 0.0193808
internal_weight=2075.27 183.587 1891.68 50.8801 25.0339 137.162 1840.8 919.036 105.912 91.6563 30.377 921.762 885.94 47.1506 813.124 162.25 50.533 47.1303 28.2985 650.874 107.988 52.3186
internal_count=8257 1986 6271 4313 737 207 1958 1238 688 383 309 720 643 204 550 201 132 159 152 349 134 113
cat_boundaries=0 2
cat_threshold=1073741824 8065
is_linear=0
shrinkage=0.03


Tree=41
num_leaves=16
num_cat=1
split_feature=28 4 27 18 24 29 27 27 11 27 2 24 24 27 24
split_gain=196.492 25.3414 93.8809 62.3385 36.2344 52.2348 22.6637 29.5778 58.0922 11.4244 10.6822 24.8943 22.2976 5.9705 2.74825
threshold=3.5000000000000004 0 288.87597222222229 12.845290641689465 0.32735459239891834 0.33929505281874284 18.991111111111113 1.3612500000000003 6899.1093258819428 0.19097222222222224 1.5000000000000002 1.1121096181595773 0.36789109717155727 1.035277777777778 0.061967863136559879
decision_type=2 9 2 2 2 2 2 2 2 2 2 2 2 2 2
left_child=1 9 4 -4 5 -3 7 13 -9 -1 14 12 -12 -6 -11
right_child=-2 2 3 -5 6 -7 -8 8 -10 10 11 -13 -14 -15 -16
leaf_value=0.015856644970920326 -0.0271424443371285 -0.030664771468582583 -0.039375358778273258 0.025286709038343704 0.016303716569037483 0.033989694284726805 0.038018885326680123 0.031942131164775414 -0.037790213945510388 0.054871470970288022 0.020242704285771393 0.036170460770939508 -0.026663316095655976 0.038883957897710437 0.040721085310779295
leaf_weight=26.319270777981728 40.746811668854207 17.248476848006248 25.891751559451222 19.220828432589769 29.725090145599097 17.764444351196289 352.14720798889175 16.686956031247973 16.3567044720985 52.976070844102651 26.04644895112142 183.09323733486235 8.1207959577441198 38.143503850325942 1183.9681473551318
leaf_count=116 5670 368 242 11 110 1 301 2 167 91 151 94 100 12 706
internal_value=0.0355092 0.036841 0.0277194 -0.012051 0.0320424 0.00228706 0.0342919 0.0201052 -0.00300567 0.0395687 0.0402132 0.0318637 0.0071136 0.0307916 0.0415456
internal_weight=2054.46 2013.71 533.185 45.1126 488.072 35.0129 453.059 100.912 33.0437 1480.52 1454.2 217.26 34.1672 67.8686 1236.94
internal_count=8142 2472 1214 253 961 369 592 291 169 1258 1142 345 251 122 797
cat_boundaries=0 2
cat_threshold=268435509 98352
is_linear=0
shrinkage=0.03


Tree=42
num_leaves=14
num_cat=2
split_feature=3 47 4 44 48 17 23 24 26 48 28 12 48
split_gain=95.522 275.178 120.761 48.7593 23.2998 39.8968 26.4331 66.3476 16.5569 62.4502 8.29987 4.04924 1.24315
threshold=0 39995.000000000007 1 0.12546296296296297 1706.1873384433788 0.16822259000582532 54226.190476190481 0.47976716437446681 0.51960468523199654 424.89080142045322 34.500000000000007 410914.1367869153 1191.1515531848136
decision_type=9 2 9 2 2 2 2 2 2 2 2 2 2
left_child=8 2 3 -2 5 6 7 -3 9 -1 11 -10 -11
right_child=1 4 -4 -5 -6 -7 -8 -9 10 12 -12 -13 -14
leaf_value=-0.027765886237263282 0.040099252020585369 0.027177590728957451 -0.03083019777915897 -0.024037164311474384 0.037296943360133492 0.037516644442975679 0.022745239140941169 -0.041395076723608877 0.039684350861840051 0.024352254780005363 0.059695785025617031 0.050738194906514135 0.04039099302914808
leaf_weight=12.640313113108276 39.857591076754034 19.758458703756332 89.882909988053143 10.315800887998192 462.87882803380489 77.691323043778539 43.816449295729399 21.408375192433596 1007.757320442237 42.636101314797997 43.040645143948495 103.61948238313198 58.449827528558671
leaf_count=430 119 10 5101 522 106 24 35 106 1159 106 409 78 22
internal_value=0.0349441 0.0249034 -0.0124293 0.0219508 0.0336891 0.0226173 0.00766854 -0.00910397 0.0403717 0.0272311 0.0418914 0.0409376 0.0350928
internal_weight=2033.75 765.61 140.056 50.1734 625.553 162.675 84.9833 41.1668 1268.14 113.726 1154.42 1111.38 101.086
internal_count=8227 6023 5742 641 281 175 151 116 2204 558 1646 1237 128
cat_boundaries=0 8 10
cat_threshold=75497472 0 16520 750784520 2097152 135301120 1140851744 2460008960 32 1
is_linear=0
shrinkage=0.03


Tree=43
num_leaves=18
num_cat=4
split_feature=3 3 4 47 48 27 5 4 23 20 20 43 0 48 47 24 24
split_gain=113.25 255.532 229.464 100.462 66.0597 11.2362 27.4314 7.52655 43.0246 63.5623 10.5353 4.58405 2.81014 9.8031 0.683277 0.200433 1.41588
threshold=0 1 2 10520.000000000002 698.75997864701992 0.21597222222222226 43.500000000000007 3 68809.712880143124 190.50000000000003 106.50000000000001 0.93750000000000011 81900.000000000015 9367.3809655647656 12953.903500000002 0.2578462093477516 0.12914163468378795
decision_type=9 9 9 2 2 2 2 9 2 2 2 2 2 2 2 2 2
left_child=5 3 4 -2 -3 6 -1 8 9 -7 11 15 -6 -14 -4 16 -9
right_child=1 2 14 -5 12 7 -8 10 -10 -11 -12 -13 13 -15 -16 -17 -18
leaf_value=-0.02497076900850953 -0.026296120987382696 -0.028844441082491065 -0.02843067898083294 0.038196029284788886 0.038885456708811862 -0.035835183837188138 0.033035280927870822 0.034528322125480342 0.035285000599589868 0.033815618797128244 0.062130714026092639 0.055380065678487633 0.0069249584808550669 0.035826908400474283 -0.047737537305992853 0.04129361698151552 0.017064392684609322
leaf_weight=6.6273498721420792 19.450356854591519 14.494408030295743 35.5864337971434 457.56419704295695 54.098752692341805 19.436270633712411 17.262844085693359 72.584255632478744 89.52683902811259 17.810407994315028 41.152177049778402 56.189683269709349 24.42932864325121 18.826033181510866 54.598052322398871 834.72752834437415 21.513153821695596
leaf_count=206 1498 711 3022 142 12 667 1 269 65 10 84 33 116 3 279 762 184
internal_value=0.034155 0.0227929 -0.00555573 0.034603 0.0220199 0.0400552 0.0154071 0.0408431 0.0227902 -0.00246955 0.0423206 0.0416109 0.0327832 0.0219128 -0.0380186 0.0404858 0.0315981
internal_weight=1855.88 679.048 202.033 477.015 111.849 1176.83 23.8902 1152.94 126.774 37.2467 1026.17 985.015 97.3541 43.2554 90.1845 928.825 94.0974
internal_count=8064 5783 4143 1640 842 2281 207 2074 742 677 1332 1248 131 119 3301 1215 453
cat_boundaries=0 8 16 18 20
cat_threshold=75497472 524288 83976 616566792 2097154 1048576 1073741986 2325921792 1048576 274726928 0 1050624 88080384 134268992 76022784 1073742464 524293 32768 1073741824 20609
is_linear=0
shrinkage=0.03


Tree=44
num_leaves=21
num_cat=3
split_feature=4 3 3 48 29 20 24 19 14 47 27 48 20 9 24 24 43 24 24 24
split_gain=97.7371 129.697 63.6409 132.18 76.7409 29.536 49.8347 95.5679 10.9626 36.8018 4.52049 3.67606 19.4837 2.11233 4.27706 1.63291 13.6445 2.89264 5.37108 24.2146
threshold=0 1 2 127.94754919539201 1.0000000180025095e-35 11.500000000000002 0.45401240030839757 374.30599825176705 64027.474793041452 297500.00000000006 0.11055555555555557 1706.1873384433788 56.500000000000007 -0.80292962851102367 0.12649989093182332 0.056704081646466745 0.93750000000000011 0.2578462093477516 0.12914163468378795 0.13204685052405277
decision_type=9 9 9 2 2 2 2 2 2 2 2 2 2 2 2 2 2 2 2 2
left_child=1 8 10 -4 -5 6 -6 -8 9 -1 -2 12 -7 14 -12 16 -15 18 -17 -20
right_child=2 -3 3 4 5 11 7 -9 -10 -11 13 -13 -14 15 -16 17 -18 -19 19 -21
leaf_value=-0.032093399095232143 0.019216375372404837 -0.032655476282064617 -0.028834004024200624 -0.024845684791423635 0.04252045468783866 0.01286460289722716 -0.040425742538233403 0.024310413324588012 0.037031476140700473 0.032092346037709704 0.035190005055922839 0.038918139215993131 0.036955317376510768 0.027618695405333869 0.0135058393344783 0.035156748360834565 0.075315009507329181 0.041840503349086462 0.031179149762774843 -0.023808488869973873
leaf_weight=7.7444832697510746 21.218225801596418 38.750055309152231 33.171798995230347 18.90999942063354 42.87819891422987 53.750827776268125 25.097290085628629 59.700575798749924 51.2330299585592 17.632440954446793 34.071177577832714 264.64748048782349 96.834948316216469 19.205826954450458 22.411342005012557 90.310199475847185 17.750167846679688 992.05215114098974 16.308759395498786 6.5317553894128642
leaf_count=262 123 1195 3066 1186 25 97 133 39 52 2 24 30 34 170 112 226 1 1123 7 271
internal_value=0.0343341 0.00494379 0.0359588 0.0257555 0.0296589 0.0317668 0.0180288 0.0039666 0.0261948 0.0104459 0.0405623 0.0357262 0.029046 0.0411957 0.0283841 0.0417028 0.0567729 0.0409455 0.0316598 0.0140024
internal_weight=1930.21 115.36 1814.85 594.991 561.819 542.909 127.676 84.7979 76.61 25.3769 1219.86 415.233 150.586 1198.64 56.4825 1142.16 36.956 1105.2 113.151 22.8405
internal_count=8178 1511 6667 4610 1544 358 197 172 316 264 2057 161 131 1934 136 1798 171 1627 504 278
cat_boundaries=0 2 10 18
cat_threshold=1073741824 23168 0 0 0 0 0 0 0 33947648 75497472 524288 33570824 71307272 0 1081344 1140850722 3667968544
is_linear=0
shrinkage=0.03


Tree=45
num_leaves=21
num_cat=2
split_feature=4 15 48 3 27 8 20 24 14 48 12 45 24 45 20 43 43 13 13 13
split_gain=150.517 72.8931 62.1258 52.4338 176.372 141.488 40.9497 95.098 42.2597 11.7547 10.601 33.2599 9.3939 51.4855 6.14273 2.29187 2.55463 0.203871 24.6894 33.7707
threshold=0 -0.051362869058140144 29.097467116519752 1 18.991111111111113 0.24999999999999997 11.500000000000002 1.4050396599765347 24728.759507774044 49.641250915176251 298302.92340552184 2.0132435953104655 0.69651564737818072 0.35530191458026511 106.50000000000001 0.27035526092129875 0.34217562623135384 43756151018.181831 126589098863.86555 117329092919.41393
decision_type=9 2 2 9 2 2 2 2 2 2 2 2 2 2 2 2 2 2 2 2
left_child=1 -1 -2 9 -5 -6 7 8 -7 -4 11 -10 13 -8 17 -14 -17 -11 19 -19
right_child=2 -3 3 4 5 6 12 -9 10 14 -12 -13 15 -15 -16 16 -18 18 -20 -21
leaf_value=0.02751763300816706 -0.022401261281176636 -0.039234545559996253 0.058546790312236474 -0.036482338949962667 -0.0385922687854824 -0.024426910282833451 0.035860508849831128 -0.043143713976118381 -0.025139077574734214 0.037626403903833386 0.046061485496014291 0.036023400551843721 0.040134489719352365 -0.028010222669703048 0.048867881676695403 0.013705291257247574 0.032009545757134383 -0.03285069789639463 0.037769247253165633 0.026324567933412077
leaf_weight=18.07947666477412 14.293620734475551 38.11232147901319 40.974118491634727 34.860594000434503 22.238115878310055 8.5469392321538162 39.949868167517707 16.756212898530066 7.8465886218473342 863.71895894547924 38.633818048518151 18.676485061645508 316.02076282445341 11.07802529633045 93.612223660573363 20.938438871875405 52.162455962505192 9.4428216931410152 68.095759907737374 16.831325362436473
leaf_count=49 2653 1290 178 1069 461 188 126 170 179 689 26 1 297 317 39 144 123 131 38 11
internal_value=0.0322151 -0.0148388 0.0337034 0.0344456 0.0248805 0.0294881 0.032675 0.0133065 0.0280658 0.0388728 0.0362016 0.0168117 0.0364615 0.0207321 0.0382007 0.038235 0.0279797 0.0369102 0.0287916 0.00320531
internal_weight=1750.87 56.1918 1694.68 1680.38 587.708 552.848 530.61 90.46 73.7038 1092.68 65.1569 26.5231 440.15 51.0279 1051.7 389.122 73.1009 958.089 94.3699 26.2741
internal_count=8179 1339 6840 4187 3101 2032 1571 564 394 1086 206 180 1007 443 908 564 267 869 180 142
cat_boundaries=0 2 10
cat_threshold=1074003969 6912 67108864 524288 33572864 213909512 2097152 1048576 67109026 2460140032
is_linear=0
shrinkage=0.03


Tree=46
num_leaves=15
num_cat=3
split_feature=3 3 17 20 47 48 4 18 12 13 20 43 43 47
split_gain=85.4916 304.849 201.395 83.3953 34.5556 36.1067 17.8808 52.3097 49.4881 16.3349 25.0059 14.0704 3.4281 0.669197
threshold=0 1 0.46497469941908615 7.5000000000000009 10520.000000000002 17038.594289300287 2 10.343818877837956 1.0000000180025095e-35 87722037194.285721 241.00000000000003 0.072751322751322761 0.67708333333333337 11540.000000000002
decision_type=9 9 2 2 2 2 9 2 2 2 2 2 2 2
left_child=6 3 13 -2 5 -5 12 8 -8 10 -4 -9 -1 -3
right_child=1 2 9 4 -6 -7 7 11 -10 -11 -12 -13 -14 -15
leaf_value=0.040742988796321176 -0.032470467178590805 -0.028202437573181392 -0.025724721491401505 -0.024563038303388757 0.038111126455802904 0.031408494761849433 0.029586192457353538 0.0074646324556469669 -0.03182064095119172 0.050893781253840017 0.03022040969605503 0.034226187817408181 0.05355676643192836 -0.046670749094089657
leaf_weight=779.16409090417437 12.857827816391362 37.839636787539348 6.5354465728160003 15.196134387282656 449.69808387197554 16.466430172324181 16.455148495733738 22.454087281599641 21.414568527601659 20.674407245591283 15.509153366088867 250.77257035044022 75.056540553458035 56.937349483370781
leaf_count=831 228 3451 308 1488 106 2 7 64 946 3 1 369 18 297
internal_value=0.0329896 0.0223564 -0.0161914 0.0332418 0.0359963 0.00485918 0.0381169 0.0268427 -0.00479948 0.0341524 0.011945 0.0322006 0.0416888 -0.0410801
internal_weight=1797.03 631.714 137.496 494.218 481.361 31.6626 1165.32 311.096 37.8697 42.719 22.0446 273.227 854.221 94.777
internal_count=8119 5884 4060 1824 1596 1490 2235 1386 953 312 309 433 849 3748
cat_boundaries=0 8 16 18
cat_threshold=68157440 0 18568 750784520 2097154 1048576 1140850690 2594226720 131072 275251200 1114112 1048576 88080384 134252608 525440 1075183744 33554485 99376
is_linear=0
shrinkage=0.03


Tree=47
num_leaves=18
num_cat=3
split_feature=4 48 27 20 1 3 4 20 48 0 48 14 26 43 26 44 44
split_gain=131.121 92.2071 21.7359 38.1743 16.6242 89.0021 149.694 10.511 32.663 79.671 8.89011 34.6349 71.0849 32.7283 43.8949 11.3701 0.906446
threshold=0 47.886069415063226 0.11055555555555557 211.50000000000003 1.5000000000000002 1 2 67.500000000000014 208.66162273820734 7503.0000000000009 1125.7129145979072 82923.500652418443 0.52471452508562699 0.12220009955201594 5.9568198420590397 0.18715659340659344 0.1977383082034245
decision_type=9 2 2 2 2 9 9 2 2 2 2 2 2 2 2 2 2
left_child=-1 -2 3 -3 7 -6 -7 8 9 -4 11 12 -10 -14 -15 -13 -17
right_child=1 2 4 -5 5 6 -8 -9 10 -11 -12 15 13 14 -16 16 -18
leaf_value=-0.028247092904065796 -0.02450046360339117 -0.030940412027084412 0.031529479045360236 0.031279875456451438 0.037671251571604968 0.027891154340180638 -0.03463213999314016 0.041896782744989015 -0.033729397166028567 -0.029862592679011295 0.037956197978772165 0.048635000260127167 0.033966382482349775 -0.034798290949972201 0.027188507652440831 0.030936640791846652 0.014647030323591327
leaf_weight=23.796323151793331 21.030167073011398 10.331935932394119 64.36356849479489 16.304529788903892 224.2520415163599 72.424407397396863 42.105376588879153 355.04916522838175 16.10651844413951 21.77151859132573 711.34955272870138 79.742937594885007 103.23968800040893 13.618316605454313 17.963826238643378 17.81937592709437 24.69668755796738
leaf_count=725 3693 233 125 3 95 136 808 261 314 923 334 55 97 216 22 8 143
internal_value=0.0324818 0.0333268 0.0342576 0.00606979 0.0346648 0.027557 0.0035566 0.0362515 0.0341934 0.015225 0.0357676 0.029489 0.0188617 0.0261259 -0.000643304 0.0413519 0.0240113
internal_weight=1835.97 1812.17 1791.14 26.6365 1764.5 338.782 114.53 1425.72 1070.67 86.1351 984.537 273.187 150.928 134.822 31.5821 122.259 42.5161
internal_count=8191 7466 3773 236 3537 1039 944 2498 2237 1048 1189 855 649 335 238 206 151
cat_boundaries=0 2 10 12
cat_threshold=545521664 6656 131072 0 0 4096 0 32768 0 33702400 4 147456
is_linear=0
shrinkage=0.03


Tree=48
num_leaves=18
num_cat=2
split_feature=3 3 12 29 17 44 25 20 20 44 27 27 27 27 1 47 41
split_gain=107.886 215.033 252.503 74.8265 25.015 52.9628 15.7708 20.5975 51.1953 6.83247 3.45977 20.4141 25.0832 2.81375 0.97141 0.636248 0.17793
threshold=0 1 25208.17429457216 1.0000000180025095e-35 0.12452185362085087 0.12546296296296297 34440.048660553737 62.500000000000007 57.500000000000007 0.10566188197767147 18.991111111111113 1.9211111111111114 15.219861111111113 202.47347222222223 1.5000000000000002 11540.000000000002 0.012739370334307045
decision_type=9 9 2 2 2 2 2 2 2 2 2 2 2 2 2 2 2
left_child=4 3 -3 -2 9 -6 7 8 -5 13 11 -11 -13 -1 -12 -4 -8
right_child=1 2 15 6 5 -7 16 -9 -10 10 14 12 -14 -15 -16 -17 -18
leaf_value=0.03048171893864134 -0.024354105490380543 0.035612430267737333 -0.02841558029542288 -0.035802921984882309 0.030524420223243611 -0.035928749187166494 0.037816648140830265 0.030420931538594008 0.031249271744616284 0.037101182827053797 0.043311319469876992 -0.029116722723463037 0.024916926931389308 0.012361105745771813 0.032686221710988832 -0.046779463075289816 0.03044313676762091
leaf_weight=34.533633502898738 18.136821552645415 59.974202242214233 39.451206386089325 14.717504195868971 39.545145739335567 9.6747950559947622 242.63791775051504 40.644433236680925 16.344208210706711 236.10213181236759 592.89170076837763 7.1636624401435283 16.687259813304991 22.993673355318606 94.968078557867557 53.124477572273463 203.72605702467263
leaf_count=76 1890 103 3636 127 111 197 41 44 3 313 523 303 61 95 216 290 122
internal_value=0.0317534 0.0210825 -0.00995673 0.0299438 0.0380325 0.0153535 0.0326318 0.0175943 -0.00108018 0.0394377 0.0401909 0.0344642 0.00645435 0.0248065 0.0420909 -0.0408108 0.0348258
internal_weight=1743.32 688.757 152.55 536.207 1054.56 49.2199 518.07 71.7061 31.0617 1005.34 947.813 259.953 23.8509 57.5273 687.86 92.5757 446.364
internal_count=8151 6256 4029 2227 1895 308 337 174 130 1587 1416 677 364 171 739 3926 163
cat_boundaries=0 8 17
cat_threshold=76611584 0 33620096 750784520 0 135268352 1140850848 2560672288 0 271056912 1064960 1048576 20971522 16448 8913922 1107689600 2
is_linear=0
shrinkage=0.03


Tree=49
num_leaves=16
num_cat=2
split_feature=48 4 20 3 31 27 8 47 47 48 48 6 27 25 47
split_gain=64.6202 46.6856 129.26 311.149 122.752 16.5963 63.9857 10.809 53.0017 8.04938 3.46543 2.71022 1.97314 1.63381 0.96682
threshold=29.097467116519752 0 33.500000000000007 1 0.056836009926690821 18.991111111111113 0.78333333333333355 173588.00000000003 97352.500000000015 49.641250915176251 77.02961168309308 4.5000000000000009 1.3612500000000003 12500.054054054055 11540.000000000002
decision_type=2 9 2 9 2 2 2 2 2 2 2 2 2 2 2
left_child=-1 9 3 7 14 6 12 8 -3 -2 11 -11 -4 -7 -5
right_child=1 2 5 4 -6 13 -8 -9 -10 10 -12 -13 -14 -15 -16
leaf_value=-0.022990019888513954 0.055289046118998202 -0.030485481021871055 0.035071178190767591 -0.029425424405418364 0.034757834722600113 0.020712005342175356 -0.034414348059237446 0.038255338368063198 0.035014131456633971 0.030691206224601225 0.037567446644763518 0.010987251172938086 0.015371696319162572 0.037802049741093739 -0.049167334263925472
leaf_weight=15.884847838897256 40.602919594617561 10.94116456247866 50.215634004445747 36.869460415560752 18.133659362792969 25.329465505899861 11.996062326245008 141.92403317987919 35.935128048062325 16.321186064742506 848.30830420111306 21.786312008509412 18.212868086760864 416.14539352664724 58.475862501189113
leaf_count=3219 165 216 57 2010 1 247 340 13 8 4 804 144 154 469 302
internal_value=0.0317831 0.032344 0.0253531 0.00982517 -0.0276223 0.0346494 0.0199988 0.0322274 0.0182614 0.0377133 0.0370257 0.0220073 0.0312317 0.0370644 -0.0433799
internal_weight=1767.08 1751.2 824.179 302.279 113.479 521.899 80.4246 188.8 46.8763 927.019 886.416 38.1075 68.4285 441.475 95.3453
internal_count=8153 4934 3817 2550 2313 1267 551 237 224 1117 952 148 211 716 2312
cat_boundaries=0 2 10
cat_threshold=34082849 230448 0 268435456 16512 8388608 2 0 34 2149597184
is_linear=0
shrinkage=0.03


Tree=50
num_leaves=12
num_cat=1
split_feature=28 3 47 29 27 11 14 11 27 9 9
split_gain=154.275 52.4987 118.378 53.3797 52.5174 79.9661 32.583 9.77421 5.65887 2.20128 0.741758
threshold=3.5000000000000004 0 10520.000000000002 0.33929505281874284 19.625694444444449 25513.27433628319 5846.8734114511844 51731.454545454551 863.91236111111118 -0.11239937522527939 0.59326056003796868
decision_type=2 9 2 2 2 2 2 2 2 2 2
left_child=1 10 3 -3 5 -4 8 -8 -6 -9 -1
right_child=-2 2 4 -5 6 -7 7 9 -10 -11 -12
leaf_value=0.035357459536109803 -0.026868716280564326 -0.031285729524092053 0.028130187158234437 0.028392072164669845 -0.0025100377695494811 -0.041267707514399031 0.021052638284225888 0.03993842118273809 0.016103095504993288 0.031236701709342802 0.040972817318847478
leaf_weight=592.44059580983594 36.626037416048348 43.55604103859514 31.206494590267539 14.280118070542811 25.703530289232731 20.446896135807037 79.505560582503676 178.64112193882465 26.046462584286928 253.1123719625175 417.40658328216523
leaf_count=381 5682 1396 14 2 63 116 89 48 37 133 171
internal_value=0.0312698 0.0326114 0.024139 -0.0154642 0.0283497 -0.000558477 0.0309834 0.0332701 0.00745158 0.0352531 0.0374994
internal_weight=1718.97 1682.35 672.499 57.8362 614.662 51.6534 563.009 511.259 51.75 431.753 1009.85
internal_count=8132 2450 1898 1398 500 130 370 270 100 181 552
cat_boundaries=0 8
cat_threshold=75563008 0 83976 738201608 67108864 1081344 1140850722 2323694080
is_linear=0
shrinkage=0.03


Tree=51
num_leaves=17
num_cat=2
split_feature=4 14 31 24 4 1 17 6 27 48 48 17 48 17 48 48
split_gain=90.7541 50.8094 30.4832 134.75 63.0101 5.42653 7.73578 10.9604 8.84012 5.52075 37.6128 34.3674 10.8099 6.29326 1.18476 36.6208
threshold=0 127181.76478815159 0.011381464472145367 1.7150365196980115 1 1.5000000000000002 0.058877296597981105 38.500000000000007 104.64597222222223 188.3275807969878 74.640489488547246 0.10612504570367587 29.858546968681896 0.71781453646431326 127.94754919539201 2840.1198694099544
decision_type=9 2 2 2 9 2 2 2 2 2 2 2 2 2 2 2
left_child=1 -1 3 -2 14 9 7 -7 -9 10 12 -12 -4 -14 -5 -16
right_child=2 -3 5 4 -6 6 -8 8 -10 -11 11 -13 13 -15 15 -17
leaf_value=-0.037501539551100839 -0.027175838285157249 0.022586486486847381 0.055223720921112045 0.052219313734250976 -0.016897228338812458 0.028030045690554225 0.034161838996325938 -0.00096908902883970918 0.02267170821797224 0.036117590240491763 -0.03010441505959403 0.023261485554772435 0.0097431084951359031 0.035196543194711626 -0.019221812466471751 0.046913175933848243
leaf_weight=25.376040562056005 38.317788352491334 17.379517146619037 21.726142700761557 61.110585908638313 15.301283511565996 109.13518128590658 167.86736479634419 30.219517089426517 21.272720360197127 1135.4281622897834 14.548441924154757 19.440364420413971 22.197041469626129 19.057837507687509 7.3854919194709536 21.084103107918054
leaf_count=976 5066 79 162 74 574 106 91 110 31 359 106 23 113 3 288 13
internal_value=0.0317027 -0.0109716 0.0326754 0.0185471 0.0357281 0.0341169 0.0289846 0.022706 0.00993971 0.0353623 0.0251808 -0.000512332 0.0380644 0.024035 0.0424351 0.0294481
internal_weight=1746.85 42.7556 1704.09 143.199 104.881 1560.89 328.495 160.627 51.4922 1232.4 96.9698 33.9888 62.981 41.2549 89.5802 28.4696
internal_count=8174 1055 7119 6015 949 1104 338 247 141 766 407 129 278 116 375 301
cat_boundaries=0 2 4
cat_threshold=1342439424 6656 49 1024
is_linear=0
shrinkage=0.03


Tree=52
num_leaves=19
num_cat=2
split_feature=3 20 48 31 3 48 13 14 16 42 15 20 14 15 15 0 11 15
split_gain=75.8137 62.3169 55.9277 23.2874 133.953 15.9288 21.8885 73.6227 112.584 40.3782 37.9218 12.3587 7.10556 21.7097 13.9994 5.82557 39.2939 2.44798
threshold=0 208.50000000000003 29.097467116519752 0.011381464472145367 1 1125.7129145979072 1409584872.1405656 60028.096705057927 169933.46863830357 0.024896694214876038 0.18446546148293039 106.50000000000001 187495.89928057557 -0.032351600926275446 0.27649381800860579 995000.00000000012 6899.1093258819428 0.17910783082779977
decision_type=9 2 2 2 9 2 2 2 2 2 2 2 2 2 2 2 2 2
left_child=1 -1 -2 4 11 6 17 8 -8 10 -10 15 13 -9 -15 16 -4 -5
right_child=2 -3 3 5 -6 -7 7 12 9 -11 -12 -13 -14 14 -16 -17 -18 -19
leaf_value=-0.038402584052478768 -0.022231822680609994 0.029982372946085391 0.036790300379142077 0.028408122915530139 -0.022952236983193645 0.035924018462212784 -0.042310395675672484 0.036924070924305691 0.020041005536089552 0.031676157881715239 -0.034860636771862359 0.052686353701090954 0.039720592712092356 -0.0022678052352112827 0.02686147003316482 0.037537077008435636 -0.023810611078578941 0.041376246336973475
leaf_weight=25.001416289480403 13.898772788234053 15.363741433247922 19.146907859481875 84.561481308192015 40.62170041538775 968.38059883192182 28.836404446046799 67.182075563818216 19.700912796892226 75.846459134481847 16.081605334766209 41.81055679731071 122.08080962020904 32.875298655126244 21.062092292122543 19.461997583508492 11.651082572061567 122.41213804855943
leaf_count=796 2963 2 4 72 3154 194 192 15 27 52 117 16 32 111 23 2 329 45
internal_value=0.0306334 -0.00978194 0.0314888 0.03218 0.018881 0.0332479 0.0285956 0.0237133 0.00611408 0.0199009 -0.00588211 0.0362043 0.0335501 0.0260026 0.0104208 0.0255181 0.013741 0.036873
internal_weight=1745.98 40.3652 1705.61 1691.71 132.692 1559.02 590.639 383.666 140.465 111.629 35.7825 92.0705 243.2 121.119 53.9374 50.26 30.798 206.974
internal_count=8146 798 7348 4385 3505 880 686 569 388 196 144 351 181 149 134 335 333 117
cat_boundaries=0 9 17
cat_threshold=0 1073741824 8 0 0 264192 0 536870912 3 0 0 0 4194304 0 0 67108864 10485760
is_linear=0
shrinkage=0.03


Tree=53
num_leaves=14
num_cat=2
split_feature=4 47 20 8 26 3 48 27 27 17 48 26 43
split_gain=61.7424 170.251 43.2745 40.3621 49.241 21.3275 119.946 30.4157 36.368 5.8385 45.14 57.9957 0.467591
threshold=0 16647.055000000004 39.500000000000007 0.75000000000000011 4.9428544241016157 1 238.34954502667091 19.905694444444446 18.991111111111113 0.33553976518820161 917.64620694648954 0.15168115064671658 1.0000000180025095e-35
decision_type=9 2 2 2 2 9 2 2 2 2 2 2 2
left_child=5 -2 3 4 -3 -1 -7 8 -8 10 11 -9 -12
right_child=1 2 -4 -5 -6 6 7 9 -10 -11 12 -13 -14
leaf_value=0.038463347048890088 -0.030336160017542392 -0.042869482862334107 0.034080278281396814 0.021733193136619009 0.020499475872841795 -0.029721520353515399 -0.033060967464673935 0.029769147500128278 0.027677570447691393 0.039840420820162349 0.023800567868359618 -0.036451565582341312 0.034793266258519778
leaf_weight=812.76426644297317 50.8853441583924 18.652418910525739 226.69695465778932 93.488767875358462 16.497827038168907 28.176425955025479 11.839669946813956 20.187655897578225 13.759883483871818 112.88850038591772 55.841229923069477 17.578228537226096 217.94864099193364
leaf_count=676 3725 95 74 95 9 2597 211 61 5 43 76 279 148
internal_value=0.0307906 0.018442 0.026263 0.0117271 -0.0142782 0.034184 0.0259623 0.0303074 -0.00122576 0.0322014 0.0288479 -0.00171157 0.0330183
internal_weight=1697.21 406.221 355.336 128.639 35.1502 1290.98 478.22 450.044 25.5996 424.444 311.556 37.7659 273.79
internal_count=8094 3998 273 199 104 4096 3420 823 216 607 564 340 224
cat_boundaries=0 2 10
cat_threshold=302518324 230448 8388608 524288 33570944 616566792 0 1081344 67108898 2459992576
is_linear=0
shrinkage=0.03


Tree=54
num_leaves=20
num_cat=3
split_feature=3 4 3 48 28 6 48 29 11 7 7 45 11 7 7 6 13 13 20
split_gain=103.084 53.956 77.033 47.1831 18.346 49.5572 9.73918 28.8825 49.7324 10.9214 33.9629 6.02218 5.6641 15.7175 14.7466 4.50044 5.38302 2.03289 0.473858
threshold=0 1 2 29.097467116519752 3.5000000000000004 74.500000000000014 2389.2737322294906 1.0000000180025095e-35 6899.1093258819428 1.2142857142857146 1.9285714285714288 0.47785547785547794 22506.850393700788 2.3571428571428572 3.9285714285714293 8.5000000000000018 12654018120.828012 36655761592.851913 78.500000000000014
decision_type=9 9 9 2 2 2 2 2 2 2 2 2 2 2 2 2 2 2 2
left_child=-1 2 18 -3 6 -6 7 8 -5 15 11 -11 -12 -14 -15 -9 -17 -18 -2
right_child=1 3 -4 4 5 -7 -8 9 -10 10 12 -13 13 14 -16 16 17 -19 -20
leaf_value=-0.026188951147889043 0.015301699291057623 -0.021122740104007741 -0.030033885446403414 0.035264093640522215 -0.023764186391104215 0.036948344471382608 0.037713901013840534 0.025616224396542236 -0.025610607996518119 0.014422134562449646 0.036687157576220188 -0.005191844853702941 0.032789741461756831 -0.0039084026436128393 0.024500162573613364 0.039534209549728562 0.023831711886307429 0.033944112883361494 0.032290562701075054
leaf_weight=21.183380685048178 18.149820870021358 11.596753903664647 25.514683174202219 18.858673572074622 17.203832537401468 22.288460026727989 471.14676240086555 107.41528230905533 19.580690252128989 18.675920240581036 110.9977646432817 30.413750509731472 81.280876202508807 29.064574110787362 29.616428252309561 319.905458224006 95.334720335900784 167.06153428740799 28.448608046397567
leaf_count=829 161 2544 729 8 2070 219 114 93 692 30 31 100 41 91 29 106 105 89 12
internal_value=0.0300124 0.030796 0.00249667 0.0320757 0.0327515 0.010802 0.0332918 0.0310928 0.00487641 0.0320814 0.0260854 0.00291358 0.0304725 0.0244485 0.0112274 0.0344833 0.035887 0.0307844 0.0232848
internal_weight=1643.74 1622.55 72.1131 1550.44 1538.84 39.4923 1499.35 1028.21 38.4394 989.766 300.049 49.0897 250.96 139.962 58.681 689.717 582.302 262.396 46.5984
internal_count=8093 7264 902 6362 3818 2289 1529 1415 700 715 322 130 192 161 120 393 300 194 173
cat_boundaries=0 9 11 19
cat_threshold=0 1073741824 0 0 8 0 1 536870912 3 1074003968 3712 0 0 0 0 0 0 0 393216
is_linear=0
shrinkage=0.03


Tree=55
num_leaves=13
num_cat=2
split_feature=4 20 47 15 3 29 27 13 23 17 22 27
split_gain=71.4632 272.527 67.5164 63.9879 24.9802 88.2251 17.2493 68.2912 13.1358 55.9597 48.2268 2.63993
threshold=0 37.500000000000007 16647.055000000004 -0.051362869058140144 1 1.0000000180025095e-35 22.042638888888892 1.0000000180025095e-35 5217.2621185964908 0.46497469941908615 181370.87500000003 77.478055555555571
decision_type=9 2 2 2 9 2 2 2 2 2 2 2
left_child=4 3 -3 -2 11 -6 7 -7 9 10 -8 -1
right_child=1 2 -4 -5 5 6 8 -9 -10 -11 -12 -13
leaf_value=0.034947374897254559 0.014276672191369745 -0.024909068544261354 0.033565686075460482 -0.04339710408094722 -0.02589610450966906 0.033669230021682234 -0.033948661805671125 -0.034094200906729183 0.033141250223165497 0.040178543875997119 0.026589340993688468 0.042161243790353388
leaf_weight=443.05848308256827 20.301635797368363 15.452158982865511 278.64403740689158 64.658208886161447 24.818150466307998 32.427163001149893 22.113652229309082 16.084642015397549 333.03013600409031 40.308243613690138 16.287453904747963 309.34069937234744
leaf_count=473 127 1569 87 2012 3147 12 233 155 106 22 7 185
internal_value=0.029416 0.0161132 0.0301283 -0.0295881 0.0330142 0.0248722 0.0283932 0.0101151 0.0303996 0.0175126 -0.00816691 0.0376746
internal_weight=1616.52 379.056 294.096 84.9598 1237.47 485.069 460.251 48.5118 411.739 78.7093 38.4011 752.399
internal_count=8135 3795 1656 2139 4340 3682 535 167 368 262 240 658
cat_boundaries=0 2 10
cat_threshold=38277173 230448 8388608 0 136 67112968 0 135299072 1140850720 2594226688
is_linear=0
shrinkage=0.03


Tree=56
num_leaves=20
num_cat=2
split_feature=4 14 28 20 20 13 14 25 48 4 20 12 6 6 44 27 27 44 27
split_gain=86.5945 48.3915 29.341 76.9263 16.6315 11.7775 64.5847 74.4702 34.9265 73.7626 8.75082 57.2909 67.1827 11.6225 3.20313 2.97931 2.88163 2.10322 1.69518
threshold=0 127181.76478815159 3.5000000000000004 123.50000000000001 124.50000000000001 1409584872.1405656 809.50785593136084 4723.9890322580641 178.63440763817297 1 10.500000000000002 204362.71008296582 30.500000000000004 36.500000000000007 0.30801282051282058 18.991111111111113 1132.2076388888891 0.16574891515786325 0.52486111111111122
decision_type=9 2 2 2 2 2 2 2 2 9 2 2 2 2 2 2 2 2 2
left_child=1 -1 5 -4 -5 14 7 -7 9 -8 11 12 -10 -14 17 18 -13 -2 -12
right_child=2 -3 3 4 -6 6 8 -9 10 -11 15 16 13 -15 -16 -17 -18 -19 -20
leaf_value=-0.038661254690225189 0.033505929275819496 0.021592356777910066 -0.025669100013152764 0.050565933706109199 -0.010924880491818901 0.030482362541634146 0.027378095794449078 -0.044621880575637186 -0.041465284064927652 -0.024363045404923039 0.031091862868037928 0.026936198623974183 0.029351240634756127 0.0031981755251454468 0.03896932278969286 0.035692697453432662 0.042901548970913701 0.02187563777924665 0.018596295337195281
leaf_weight=24.394266100600362 149.87491188244894 16.076030598953366 26.290190644795075 20.710078342584897 2.8224849042017004 18.721676630666479 55.730021608062088 19.020251894835383 16.659124406520277 25.333766411291435 64.657769460231066 60.344951202627271 35.999983173795044 26.552420231513679 331.60337013867684 600.82479085447267 75.983615996316075 64.196681281318888 52.119480294641107
leaf_count=899 100 82 4434 10 609 28 154 210 147 629 51 96 33 89 129 230 20 167 91
internal_value=0.0299173 -0.0122829 0.0308755 0.00750424 0.0425687 0.0317713 0.0294218 -0.00815911 0.0308534 0.0110825 0.0325027 0.0255766 0.00482367 0.0193081 0.0359925 0.0343917 0.0370376 0.0305971 0.0265074
internal_weight=1687.92 40.4703 1647.45 49.8228 23.5326 1597.62 1051.95 37.7419 1014.21 81.0638 933.142 215.54 79.2115 62.5524 545.675 717.602 136.329 214.072 116.777
internal_count=8208 981 7227 5053 619 2174 1778 238 1540 783 757 385 269 122 396 372 116 267 142
cat_boundaries=0 2 4
cat_threshold=1610874880 6656 16 65536
is_linear=0
shrinkage=0.03


Tree=57
num_leaves=18
num_cat=1
split_feature=3 47 27 27 20 17 26 26 9 20 27 27 27 12 20 20 20
split_gain=61.2633 183.947 40.6326 71.1646 26.8007 53.7464 112.205 13.0217 62.1008 7.87422 2.24407 20.817 32.21 1.56077 5.78521 2.74734 0.716013
threshold=0 14256.000000000002 20.663055555555559 19.625694444444449 11.500000000000002 -1.0000000180025095e-35 11.213133457680748 0.51960468523199654 0.10527816048268317 14.500000000000002 18.991111111111113 2.7483333333333335 3.2486111111111113 410914.1367869153 1.0000000180025095e-35 106.50000000000001 39.500000000000007
decision_type=9 2 2 2 2 2 2 2 2 2 2 2 2 2 2 2 2
left_child=7 -2 3 -3 5 6 -4 8 -1 -10 11 -9 -13 14 -12 -16 -6
right_child=1 2 4 -5 16 -7 -8 10 9 -11 13 12 -14 -15 15 -17 -18
leaf_value=-0.033564242059860944 -0.03009958367468292 -0.039260198111279336 -0.044373034066632927 0.028516476856858625 0.02658280426464223 0.033625338956700897 0.031438409168377222 0.032685214555228166 0.034865538811592919 0.0093017216792319925 0.020898625167711463 0.026614905519712868 -0.034203723791577198 0.046233646316568434 0.034117325462490133 0.044938696358427184 0.035019322379851676
leaf_weight=11.879378612618892 56.118361595319584 19.81150652654469 28.643818199634552 26.836963787674904 124.81725255586207 61.426554631441832 31.869796603918076 240.1722658504732 67.755571515765041 18.043959407601506 47.906673382036388 14.149023435777055 8.2803795034997147 69.236194719327614 459.99072019360028 86.773652787785977 213.83400532789528
leaf_count=288 5576 111 152 7 79 36 7 386 98 168 47 15 299 44 719 49 57
internal_value=0.0288143 0.0192067 0.0252771 -0.00128226 0.027952 0.0149666 -0.00509437 0.0334682 0.0212747 0.0302976 0.0349919 0.0301527 0.00202013 0.0366662 0.0351761 0.0362264 0.0323419
internal_weight=1587.55 563.358 507.24 46.6485 460.591 121.94 60.5136 1024.19 97.6789 85.7995 926.509 262.602 22.4294 663.907 594.671 546.764 338.651
internal_count=8138 6025 449 118 331 195 159 2113 554 266 1559 700 314 859 815 768 136
cat_boundaries=0 8
cat_threshold=1048576 2621440 33638536 616566792 2097152 1048576 1140851714 2460139520
is_linear=0
shrinkage=0.03


Tree=58
num_leaves=17
num_cat=3
split_feature=4 3 17 48 3 48 25 17 43 20 2 8 48 15 27 17
split_gain=97.437 195.99 70.2657 38.9814 19.9498 99.7399 35.9867 32.3659 8.6593 6.30397 5.46695 14.4466 36.7552 4.04368 3.11371 0.119711
threshold=0 1 -0.37737606179020228 200.04880939929578 2 238.34954502667091 27389.509692307693 0.35067870772252258 0.33406754772393543 61.500000000000007 1.5000000000000002 3.9500000000000006 17038.594289300287 0.18746084030935975 0.33680555555555564 -0.010302504499656898
decision_type=9 9 2 2 9 2 2 2 2 2 2 2 2 2 2 2
left_child=4 -2 -3 -4 14 -6 7 -7 10 -10 -8 12 -12 -5 -1 -16
right_child=1 2 3 13 5 6 8 -9 9 -11 11 -13 -14 -15 15 -17
leaf_value=0.016423863004487723 -0.036143772141395442 -0.03363701993511678 -0.022431208300286866 0.034206816032920632 -0.028603830257055474 -0.03100280980605636 0.032899670791802199 0.023032491232448105 2.0193092264843319e-05 0.02446910681098232 -0.036468495835909873 0.031330754377513807 0.027739589100559299 0.020340144480301824 0.033704029542699222 0.039837723223797097
leaf_weight=19.054065606789663 52.088207031833008 13.961529757361857 9.6844571365509164 141.18535432801582 26.581843266263604 14.422601765021684 316.65747950831428 15.597328418865798 18.754327710019425 14.234718023799358 9.0750897945836186 27.695583287626505 13.66340160369873 56.116191134322435 454.86137871677056 282.4185302623082
leaf_count=118 1823 444 873 107 2785 287 378 23 102 15 163 8 1 127 656 245
internal_value=0.0276632 0.00990026 0.0223628 0.0278993 0.0312664 0.0234294 0.0274755 -0.00364785 0.029827 0.0124019 0.0312053 0.0185589 0.000159264 0.0308631 0.0354507 0.0363061
internal_weight=1486.05 273.036 220.948 206.986 1213.02 456.682 430.101 30.0199 400.081 32.989 367.092 50.4341 22.7385 197.302 756.334 737.28
internal_count=8155 3374 1551 1107 4781 3762 977 310 667 117 550 172 164 234 1019 901
cat_boundaries=0 2 11 19
cat_threshold=46665788 230416 0 0 0 0 0 2147483648 1025 982778880 3 0 524288 0 616566792 0 1083392 1140850688 3668984320
is_linear=0
shrinkage=0.03


Tree=59
num_leaves=17
num_cat=1
split_feature=4 27 31 43 20 22 13 48 24 11 48 44 24 48 20 20
split_gain=60.0811 56.928 39.4153 94.4021 71.3067 38.7848 7.28071 14.6086 31.7084 17.3733 60.613 10.9881 13.6089 7.99329 20.2627 26.6647
threshold=0 67.249583333333348 0.011381464472145367 0.18537609774723179 36.500000000000007 53499.878048780498 1409584872.1405656 1974.8980232193289 2.1759241932731417 44368.058608058614 917.64620694648954 0.3348484848484849 0.34364190533447742 188.3275807969878 78.500000000000014 54.500000000000007
decision_type=9 2 2 2 2 2 2 2 2 2 2 2 2 2 2 2
left_child=1 -1 3 4 -2 -3 -4 8 9 10 -8 13 -13 14 15 -11
right_child=2 5 6 -5 -6 -7 7 -9 -10 11 -12 12 -14 -15 -16 -17
leaf_value=-0.036522358581239638 -0.023880269350348003 -0.030032620175610276 0.035192952806794395 -0.027420970113717469 0.042673163879454655 0.027335801065284944 -0.033275593743610825 0.034079629009618174 0.00083674228654106054 -0.02839838838278147 0.02925653742037607 0.026369120325714028 -0.00082737650825609043 0.033683973666546907 0.032821681955002527 0.022847069721272994
leaf_weight=21.10511823114939 14.828811032930387 8.9356678968761099 471.46852349536493 33.513598489575088 64.30168603733182 46.893886875128374 15.525314273079855 388.55015589296818 43.974568054080009 12.06969103170559 39.827559903264046 38.468568202108145 26.270795524585992 316.38448349945247 32.750751949846745 14.676901168189941
leaf_count=918 1224 214 208 4237 377 107 178 73 72 184 10 87 73 140 10 12
internal_value=0.0285184 0.000507054 0.0297375 0.012136 0.0295232 0.01644 0.0313172 0.0291712 0.0253587 0.0275029 0.0104139 0.0295087 0.0160649 0.0315829 0.0186651 -0.00110853
internal_weight=1589.55 76.9347 1512.61 112.644 79.1305 55.8296 1399.97 928.499 539.949 495.974 55.3529 440.621 64.7394 375.882 59.4973 26.7466
internal_count=8124 1239 6885 5838 1601 321 1047 839 766 694 188 506 160 346 206 196
cat_boundaries=0 2
cat_threshold=1610874880 23296
is_linear=0
shrinkage=0.03


Tree=60
num_leaves=22
num_cat=3
split_feature=3 48 20 4 48 11 27 22 3 48 16 48 27 48 48 48 16 16 20 15 11
split_gain=93.9709 59.5818 58.8537 31.9536 69.7918 50.768 23.6356 77.4523 8.40875 72.0048 26.786 39.5745 11.2097 35.4648 2.6477 17.1936 3.80414 5.80602 1.28199 7.68621 6.07249
threshold=0 47.886069415063226 208.50000000000003 1 424.89080142045322 937110.00000000012 74.025972222222236 102109.27981651378 2 238.34954502667091 336345.67812667013 1380.2360331855159 19.625694444444449 17038.594289300287 1974.8980232193289 717.39357807760712 267825.06681473966 53684.640294230172 91.500000000000014 0.26234694618852578 31951.176470588242
decision_type=9 2 2 9 2 2 2 2 9 2 2 2 2 2 2 2 2 2 2 2 2
left_child=2 -2 -1 8 5 -5 18 -8 -3 -10 12 -12 13 -11 15 16 17 -14 19 20 -6
right_child=1 3 -4 4 6 -7 7 -9 9 10 11 -13 14 -15 -16 -17 -18 -19 -20 -21 -22
leaf_value=-0.039191551910083548 -0.023253379585800989 0.035334156047492168 0.027709431682673192 -0.035504518092227662 0.020909067278337162 0.026736900484712691 -0.044115201091484695 0.029425739270857548 -0.027262129500461273 -0.030966022257651056 -0.032863528856090798 0.020562232258549036 0.030009034201606218 0.031602142447983053 0.034916256045231436 0.0018622732119317822 0.037614235833726188 0.0091089789770667159 0.033275308336832489 0.030360371823345517 0.00037169612596059506
leaf_weight=29.859544285107404 16.414383706636727 693.12184125604108 13.639611244201658 30.51144623127766 26.584382200613618 13.321902878582476 14.774045838508753 32.143221599981189 18.667337188264355 8.3863835579250026 11.827738216146825 44.719933863030747 29.451246976852417 16.420156478881836 226.88227381138131 23.467051840620115 52.585396212060004 27.844846193445846 86.547901111189276 60.965528909116983 22.283103918656707
leaf_count=1108 3508 482 1 783 30 2 143 50 950 160 214 95 22 1 63 130 44 212 37 37 118
internal_value=0.0269543 0.028145 -0.0145251 0.0290038 0.0171093 -0.0157873 0.0239236 0.00424966 0.031459 0.0246922 0.0277221 0.00762554 0.0305379 0.00880343 0.0318936 0.0256748 0.030458 0.0213983 0.0284017 0.0232797 0.012448
internal_weight=1500.42 1456.92 43.4992 1440.51 287.132 43.8333 243.298 46.9173 1153.37 460.252 441.585 56.5477 385.037 24.8065 360.231 133.349 109.881 57.2961 196.381 109.833 48.8675
internal_count=8190 7081 1109 3573 1200 785 415 193 2373 1891 941 309 632 161 471 408 278 234 222 185 148
cat_boundaries=0 9 11 19
cat_threshold=0 0 8 0 0 264192 33 537919488 3 268435519 99328 0 524288 33572992 616562696 2097152 1048576 1140851714 3667918976
is_linear=0
shrinkage=0.03


Tree=61
num_leaves=21
num_cat=1
split_feature=48 3 48 29 41 48 17 1 27 10 7 17 17 24 24 17 24 17 17 24
split_gain=45.1052 33.5434 75.8884 55.9423 38.2267 60.1834 111.685 8.78301 11.128 7.44599 5.53277 3.52636 20.2259 4.88253 21.3083 2.34265 4.57799 2.23937 7.564 42.4395
threshold=29.097467116519752 0 127.94754919539201 1.0000000180025095e-35 0.025320512820512824 1706.1873384433788 -1.0000000180025095e-35 2.5000000000000004 0.33680555555555564 0.045983086680761058 1.0000000180025095e-35 0.12452185362085087 0.6221955308909527 3.1517815266265941 1.9187022975413865 -0.010302504499656898 0.052718903879221748 -0.50337950818751209 -0.2774085596003939 2.6576985063014233
decision_type=2 9 2 2 2 2 2 2 2 2 2 2 2 2 2 2 2 2 2 2
left_child=-1 7 -3 -4 -5 6 -6 8 -2 -10 -9 15 13 14 -13 16 -11 -18 19 -19
right_child=1 2 3 4 5 -7 -8 10 9 11 -12 12 -14 -15 -16 -17 17 18 -20 -21
leaf_value=-0.021615547249683672 0.0084965714105074801 -0.028579285146076938 -0.024469078670267881 0.032926924047673257 -0.040973122028732691 0.027372955416641448 0.023131719576035166 0.026251710366568905 0.018356033267126738 0.052906603211374033 0.0020439931762072298 -0.032537996045078864 0.034040493355400422 0.017646812553215718 0.018035299831032418 0.041846622527850992 0.037031740905826074 -0.030623175917041025 0.03190882049918458 0.028456606505527057
leaf_weight=12.570143745979292 19.178211922524497 21.877226606244221 17.058175416197628 296.70152293518186 36.028876101598144 157.5334984511137 55.628070356324315 12.463554382324221 42.920180482091382 20.731734695378691 18.356759513961151 7.5256106210872558 98.158410854637623 14.415247699245809 13.75185938272625 179.76928882696666 223.0094999615103 9.3779543638229352 286.36878328304738 48.598974213004112
leaf_count=3202 119 1467 1379 97 217 69 62 1 116 8 116 138 65 24 17 109 187 258 413 45
internal_value=0.0286232 0.02909 0.0213338 0.0238837 0.025603 0.0164065 -0.00288287 0.0329777 0.0338448 0.0343119 0.0141313 0.034966 0.0272581 0.00671507 -0.00263963 0.0361246 0.0340374 0.0328918 0.0297189 0.0172277
internal_weight=1592.02 1579.45 584.827 562.95 545.892 249.19 91.6569 994.626 963.806 944.628 30.8203 901.707 133.851 35.6927 21.2775 767.856 588.087 567.355 344.346 57.9769
internal_count=8109 4907 3291 1824 445 348 279 1616 1499 1380 117 1264 244 179 155 1020 911 903 716 303
cat_boundaries=0 8
cat_threshold=8388608 524288 33556616 213913608 0 1048576 1140850722 3399533184
is_linear=0
shrinkage=0.03


Tree=62
num_leaves=19
num_cat=2
split_feature=3 20 3 47 29 20 17 0 22 17 17 1 10 12 44 5 5 12
split_gain=56.4988 48.5852 25.5034 147.026 41.7298 24.0745 29.6313 64.1905 66.2886 10.2986 71.8406 8.15929 7.15063 5.70087 7.34905 20.8565 3.87032 15.9415
threshold=0 208.50000000000003 1 16647.055000000004 0.33929505281874284 27.500000000000004 -0.046531089169789687 176500.00000000003 181370.87500000003 0.12452185362085087 0.6221955308909527 1.5000000000000002 0.05594679186228476 114450.75079876122 0.30801282051282058 4.5000000000000009 1.0000000180025095e-35 347447.72609672841
decision_type=9 2 9 2 2 2 2 2 2 2 2 2 2 2 2 2 2 2
left_child=1 -1 9 4 -4 6 7 8 -5 11 -11 12 -2 14 15 -13 -15 -18
right_child=2 -3 3 5 -6 -7 -8 -9 -10 10 -12 13 -14 16 -16 -17 17 -19
leaf_value=-0.037591678260836203 0.018956574801644914 0.026754409799747577 -0.03098531459688077 -0.042499377197672758 0.024796382672761585 0.03236760781666051 0.03017192069092306 0.024667519812997734 0.027420843099217409 -0.038904154392829737 0.031764373474473397 0.026510265890474567 0.036222950052420433 0.021233978879695008 0.032555144263823901 -0.025843343991808088 -0.026317558406473505 0.018870432423663517
leaf_weight=20.985913953278214 40.359565660823137 13.266856820555402 52.407218762906268 30.103802542202175 11.259981155395506 318.66514061926864 98.924150113016367 71.306534633040428 14.529180586338041 11.299310394562779 67.997335221152753 14.501805122941734 642.66946517420001 13.11395587865263 75.712876993697137 5.8716095555573693 6.50769287766889 13.075024335645137
leaf_count=861 119 16 4818 167 1 99 50 35 3 248 86 13 1129 13 142 188 147 26
internal_value=0.0274723 -0.00991082 0.0282402 0.0214999 -0.0200327 0.0269953 0.0184728 0.00765597 -0.0192691 0.0323267 0.0199842 0.0337983 0.0353479 0.0245661 0.0283289 0.00930262 0.0112174 0.00155512
internal_weight=1522.56 34.2528 1488.3 597.196 63.6672 533.529 214.864 115.94 44.633 891.109 79.2966 811.812 683.029 128.783 96.0863 20.3734 32.6967 19.5827
internal_count=8161 877 7284 5173 4819 354 255 205 170 2111 334 1777 1248 529 343 201 186 173
cat_boundaries=0 9 17
cat_threshold=0 0 0 0 8 49152 0 536870912 3 8388608 524288 33570952 742395912 2097152 1048576 67109920 2325791232
is_linear=0
shrinkage=0.03


Tree=63
num_leaves=14
num_cat=3
split_feature=4 3 24 20 20 3 48 45 25 48 45 45 26
split_gain=78.6173 215.92 47.3254 21.0625 33.4308 19.7517 131.031 21.5033 67.8156 7.32323 10.9083 33.6675 2.17696
threshold=0 1 0.69651564737818072 36.500000000000007 3.5000000000000004 2 356.85149491236729 0.20572745227123107 340637.11627906986 1515.8548515107334 0.35530191458026511 0.81115350346119575 0.13004436376867776
decision_type=9 9 2 2 2 9 2 2 2 2 2 2 2
left_child=5 2 -2 4 -4 12 -7 8 -8 10 -9 -12 -1
right_child=1 -3 3 -5 -6 6 7 9 -10 -11 11 -13 -14
leaf_value=0.01482913059839913 -0.026040760236231215 -0.035526920638013562 0.022126607055732748 0.032899398296122317 -0.034155613641511408 -0.031846431551545359 -0.04172933281106804 0.029728592026358292 0.030851727566503964 0.032932946877501791 -0.032848101732687165 0.021844417737558183 0.035104202191875232
leaf_weight=14.91532429284416 11.428279059473423 56.361618036869913 29.024487847462296 177.47011050907895 8.3119199876673502 32.14163076505065 12.771848160075022 46.063014934305102 28.571030503604561 264.00902952486649 9.0225683432072383 32.698784515028819 769.90899440716021
leaf_count=83 691 2364 39 210 187 2693 209 68 17 144 176 73 1214
internal_value=0.0271668 0.0112174 0.0243477 0.0286676 0.00704287 0.0304867 0.0223756 0.0277149 0.00634654 0.030102 0.020272 0.00776718 0.0343799
internal_weight=1492.7 282.596 226.235 214.807 37.3364 1210.1 425.278 393.136 41.3429 351.793 87.7844 41.7214 784.824
internal_count=8168 3491 1127 436 226 4677 3380 687 226 461 317 249 1297
cat_boundaries=0 2 10 18
cat_threshold=306188341 229425 0 0 2048 0 6291456 2112 525312 1344667680 0 524288 8 616566792 0 1081344 1140850720 3397435904
is_linear=0
shrinkage=0.03


Tree=64
num_leaves=14
num_cat=3
split_feature=4 45 3 27 3 47 29 48 20 18 47 24 45
split_gain=120.858 98.3046 77.8411 43.4663 38.6161 82.2318 34.5636 23.6524 43.4284 87.9781 9.03407 20.6741 1.85182
threshold=0 0.75741801145236864 1 18.991111111111113 2 10520.000000000002 0.33929505281874284 1974.8980232193289 33.500000000000007 9.9282747352158669 78500.000000000015 0.34364190533447742 0.78434018746626111
decision_type=9 2 9 2 9 2 2 2 2 2 2 2 2
left_child=4 2 -2 -3 12 6 -6 8 9 -7 11 -5 -1
right_child=1 3 -4 10 5 7 -8 -9 -10 -11 -12 -13 -14
leaf_value=0.036133206462679916 0.018226602069409889 -0.03035182509608135 -0.037443400170643994 0.025137888456780996 -0.028969475294800276 0.024080185858516852 0.024270478259724511 0.03164630171644451 0.027667817510159714 -0.042085184897903423 0.032238956705251613 -0.025423328702863304 0.024122592099467252
leaf_weight=695.17228558962233 25.735030950279906 9.0518452688120288 53.159320063539781 15.476431824383328 35.135572528350167 39.605456268414855 10.824410438537596 249.71118670701981 106.65777322649956 25.448441048152745 75.544381871819496 6.5595442414050913 54.416438228916377
leaf_count=819 79 467 1982 161 3904 58 1 60 63 141 14 175 216
internal_value=0.0266275 0.00289919 -0.0215706 0.0214187 0.0299494 0.0210705 -0.0152794 0.0256616 0.0163091 -0.00295944 0.0274665 0.00816883 0.0349636
internal_weight=1402.5 185.527 78.8944 106.632 1216.97 467.383 45.96 421.423 171.712 65.0539 97.5804 22.036 749.589
internal_count=8140 2878 2061 817 5262 4227 3905 322 262 199 350 336 1035
cat_boundaries=0 2 10 18
cat_threshold=4194367 230448 0 0 0 0 0 0 0 131072 75497472 524288 33556616 616562696 2097152 135299072 34 2326839296
is_linear=0
shrinkage=0.03


Tree=65
num_leaves=15
num_cat=2
split_feature=3 29 3 32 14 19 41 5 20 19 5 48 19 13
split_gain=67.8063 61.8941 112.256 39.5012 60.194 126.937 10.3029 15.0423 32.3986 52.7259 11.7377 3.84535 8.69412 9.4082
threshold=0 1.0000000180025095e-35 1 1.0000000180025095e-35 196743.88489208635 959.07775059120218 0.014599317988064792 8.5000000000000018 25.500000000000004 498.44752693745676 13.500000000000002 424.89080142045322 88.628423330347843 11865624872.867718
decision_type=9 2 9 2 2 2 2 2 2 2 2 2 2 2
left_child=-1 2 -2 6 5 -5 -3 11 10 -10 -9 12 -8 -14
right_child=1 3 -4 4 -6 -7 7 8 9 -11 -12 -13 13 -15
leaf_value=-0.02331272440003428 0.032654942793742592 0.033638645602467314 -0.024528211245468976 -0.048259138323430963 0.036098432532814195 0.032110354586855773 0.029689094150005431 0.0084880250871482398 -0.040452062828059236 0.022672264693112319 0.029410856740883055 0.031293430568764422 0.022110353947186842 -0.0025808712554091303
leaf_weight=17.259055312722921 42.9789732710924 464.22631095070392 51.347207133891061 30.98056094860658 39.354014614596963 30.026246607303619 55.751529145753011 36.993180822581053 16.234340044204146 22.295362770557404 111.16733263852075 391.61119122058153 25.11306774802506 24.037320621311665
leaf_count=821 115 165 6081 218 21 4 115 94 141 8 114 125 39 79
internal_value=0.0253788 0.0260687 0.00267726 0.0280273 0.00939082 -0.00926701 0.0296095 0.0266473 0.0184302 -0.00551635 0.0246344 0.0295224 0.0217879 0.0109116
internal_weight=1359.38 1342.12 94.3262 1247.79 100.361 61.0068 1147.43 683.203 186.69 38.5297 148.161 496.513 104.902 49.1504
internal_count=8140 7319 6196 1123 243 222 880 715 357 149 208 358 233 118
cat_boundaries=0 9 13
cat_threshold=0 0 0 0 8 280576 32 536870912 1 0 0 8 4194304
is_linear=0
shrinkage=0.03


end of trees

feature_importances:
amount_x_high_fraud_rate=121
hours_since_prev_trans=75
last_phone_model=69
amount_cum_count=63
amount_over_mean_past=63
cst_amount_deviation=59
last_os=41
zscore_interval_7_vs_30=34
cst_amount_deviation_ratio=28
amount=27
logins_7d_vs_30d_ratio=23
target_txn_count_past=21
amount_x_new_target=21
std_interval_30d=20
target_fraud_rate_past_smooth=18
avg_interval_30d=17
target_fraud_rate_past=17
ewm_interval_7d=16
sessions_unique_7d=15
sessions_unique_30d=15
var_interval_30d=15
cst_weekend_tx_share=15
daily_logins_avg_30d=13
sessions_7d_vs_30d_ratio=13
burstiness=11
cst_txn_count_past=11
amount_diff_mean_past=11
os_ver_count_30d=9
login_freq_change_7_vs_30=8
fano_factor=8
phone_model_count_30d=7
cst_new_targets_ratio=6
cst_night_tx_share=6
daily_logins_avg_7d=5
log_amount=5
sqrt_amount=4
cst_amount_mean_past=4
target_txn_count_past_log1p=4
login_share_7_of_30=3
is_new_phone_model_for_client=1
risk_x_target_fraud=1

parameters:
[boosting: gbdt]
[objective: binary]
[metric: auc]
[tree_learner: serial]
[device_type: cpu]
[data_sample_strategy: bagging]
[data: ]
[valid: ]
[num_iterations: 1000]
[learning_rate: 0.03]
[num_leaves: 63]
[num_threads: 0]
[seed: 42]
[deterministic: 0]
[force_col_wise: 0]
[force_row_wise: 0]
[histogram_pool_size: -1]
[max_depth: -1]
[min_data_in_leaf: 50]
[min_sum_hessian_in_leaf: 0.001]
[bagging_fraction: 0.8]
[pos_bagging_fraction: 1]
[neg_bagging_fraction: 1]
[bagging_freq: 1]
[bagging_seed: 400]
[bagging_by_query: 0]
[feature_fraction: 0.8]
[feature_fraction_bynode: 1]
[feature_fraction_seed: 30056]
[extra_trees: 0]
[extra_seed: 12879]
[early_stopping_round: 0]
[early_stopping_min_delta: 0]
[first_metric_only: 0]
[max_delta_step: 0]
[lambda_l1: 0]
[lambda_l2: 5]
[linear_lambda: 0]
[min_gain_to_split: 0.01]
[drop_rate: 0.1]
[max_drop: 50]
[skip_drop: 0.5]
[xgboost_dart_mode: 0]
[uniform_drop: 0]
[drop_seed: 17869]
[top_rate: 0.2]
[other_rate: 0.1]
[min_data_per_group: 100]
[max_cat_threshold: 32]
[cat_l2: 10]
[cat_smooth: 10]
[max_cat_to_onehot: 4]
[top_k: 20]
[monotone_constraints: ]
[monotone_constraints_method: basic]
[monotone_penalty: 0]
[feature_contri: ]
[forcedsplits_filename: ]
[refit_decay_rate: 0.9]
[cegb_tradeoff: 1]
[cegb_penalty_split: 0]
[cegb_penalty_feature_lazy: ]
[cegb_penalty_feature_coupled: ]
[path_smooth: 0]
[interaction_constraints: ]
[verbosity: -1]
[saved_feature_importance_type: 0]
[use_quantized_grad: 0]
[num_grad_quant_bins: 4]
[quant_train_renew_leaf: 0]
[stochastic_rounding: 1]
[linear_tree: 0]
[max_bin: 255]
[max_bin_by_feature: ]
[min_data_in_bin: 3]
[bin_construct_sample_cnt: 200000]
[data_random_seed: 175]
[is_enable_sparse: 1]
[enable_bundle: 1]
[use_missing: 1]
[zero_as_missing: 0]
[feature_pre_filter: 1]
[pre_partition: 0]
[two_round: 0]
[header: 0]
[label_column: ]
[weight_column: ]
[group_column: ]
[ignore_column: ]
[categorical_feature: 3,4]
[forcedbins_filename: ]
[precise_float_parser: 0]
[parser_config_file: ]
[objective_seed: 16083]
[num_class: 1]
[is_unbalance: 0]
[scale_pos_weight: 82.8684]
[sigmoid: 1]
[boost_from_average: 1]
[reg_sqrt: 0]
[alpha: 0.9]
[fair_c: 1]
[poisson_max_delta_step: 0.7]
[tweedie_variance_power: 1.5]
[lambdarank_truncation_level: 30]
[lambdarank_norm: 1]
[label_gain: ]
[lambdarank_position_bias_regularization: 0]
[eval_at: ]
[multi_error_top_k: 1]
[auc_mu_weights: ]
[num_machines: 1]
[local_listen_port: 12400]
[time_out: 120]
[machine_list_filename: ]
[machines: ]
[gpu_platform_id: -1]
[gpu_device_id: -1]
[gpu_use_dp: 0]
[num_gpu: 1]

end of parameters

pandas_categorical:[["ASUS_X00TDB", "GIONEE A1 lite", "Google Pixel 8", "HONOR ALI-NX1", "HONOR CRT-NX1", "HONOR LLY-LX1", "HONOR RKY-LX1", "HONOR VER-N49", "HONOR WDY-LX1", "HONOR WOD-LX1", "HUAWEI AMN-LX9", "HUAWEI FIG-LX1", "HUAWEI PPA-LX1", "HUAWEI STK-LX1", "Honor_brp-nx1", "Honor_dnp-nx9", "Honor_lly-lx1", "Honor_ver-n49", "Huawei_jln-lx1", "Huawei_ppa-lx1", "Huawei_stk-lx1", "Huawei_vog-l29", "Meizu M10", "Motorola_moto_e15", "OPPO CPH1903", "OPPO CPH1923", "OPPO CPH2067", "OPPO CPH2069", "OPPO CPH2083", "OPPO CPH2125", "OPPO CPH2179", "OPPO CPH2239", "OPPO CPH2269", "OPPO CPH2333", "OPPO CPH2363", "OPPO CPH2437", "OPPO CPH2477", "OPPO CPH2481", "OPPO CPH2531", "OPPO CPH2591", "OPPO CPH2603", "OPPO CPH2641", "OPPO CPH2669", "OnePlus BE2029", "Oppo_cph1909", "Oppo_cph1923", "Oppo_cph2179", "Oppo_cph2239", "Oppo_cph2333", "Oppo_cph2363", "Oppo_cph2477", "Oppo_cph2481", "Oppo_cph2531", "Oppo_cph2641", "Realme RMX3771", "Realme RMX3834", "Samsung SM-A022G", "Samsung SM-A057F", "Samsung SM-A065F", "Samsung SM-A105F", "Samsung SM-A125F", "Samsung SM-A127F", "Samsung SM-A135F", "Samsung SM-A155F", "Samsung SM-A165F", "Samsung SM-A235F", "Samsung SM-A256E", "Samsung SM-A315F", "Samsung SM-A320F", "Samsung SM-A325F", "Samsung SM-A336B", "Samsung SM-A346E", "Samsung SM-A356E", "Samsung SM-A505FN", "Samsung SM-A515F", "Samsung SM-A525F", "Samsung SM-A530F", "Samsung SM-A536E", "Samsung SM-A546E", "Samsung SM-A556E", "Samsung SM-A566E", "Samsung SM-A750FN", "Samsung SM-F721B", "Samsung SM-F731B", "Samsung SM-G780G", "Samsung SM-G960F", "Samsung SM-G965F", "Samsung SM-G973F", "Samsung SM-S721B", "Samsung SM-S908B", "Samsung SM-S911B", "Samsung SM-S916B", "Samsung SM-S918B", "Samsung SM-S921B", "Samsung SM-S928B", "Samsung SM-S938B", "Samsung_sm-a057f", "Samsung_sm-a125f", "Samsung_sm-a135f", "Samsung_sm-a165f", "Samsung_sm-a225f", "Samsung_sm-a315f", "Samsung_sm-a325f", "Samsung_sm-a356e", "Samsung_sm-a525f", "Samsung_sm-a536e", "Samsung_sm-a546e", "Samsung_sm-a556e", "Samsung_sm-a730f", "Samsung_sm-a736b", "Samsung_sm-a750fn", "Samsung_sm-f721b", "Samsung_sm-g780g", "Samsung_sm-g965f", "Samsung_sm-s721b", "Samsung_sm-s908b", "Samsung_sm-s911b", "Samsung_sm-s916b", "Samsung_sm-s918b", "Samsung_sm-s921b", "Samsung_sm-s928b", "Samsung_sm-s931b", "Samsung_sm-s938b", "TECNO KL4", "TECNO LG7n", "TECNO LH8n", "Tecno_kl4", "Tecno_lg7n", "Unknown", "Vivo 1920", "Vivo V2026", "Vivo V2027", "Vivo V2058", "Vivo V2061", "Vivo V2111", "Vivo V2116", "Vivo V2120", "Vivo V2154", "Vivo V2201", "Vivo V2237", "Vivo V2254", "Vivo V2322", "Vivo V2332", "Vivo V2339", "Vivo V2342", "Vivo V2352", "Vivo V2419", "Vivo V2424", "Vivo_v2027", "Vivo_v2058", "Vivo_v2109", "Vivo_v2111", "Vivo_v2201", "Vivo_v2202", "Vivo_v2237", "Vivo_v2250", "Vivo_v2322", "Vivo_v2332", "Vivo_v2339", "Vivo_v2342", "Vivo_v2352", "Xiaomi 21081111RG", "Xiaomi 21091116AG", "Xiaomi 21121119SG", "Xiaomi 2201116TG", "Xiaomi 2201117SG", "Xiaomi 2201117TG", "Xiaomi 2203129G", "Xiaomi 220333QAG", "Xiaomi 22071212AG", "Xiaomi 220733SFG", "Xiaomi 2209116AG", "Xiaomi 22120RN86G", "Xiaomi 23021RAA2Y", "Xiaomi 23021RAAEG", "Xiaomi 2303CRA44A", "Xiaomi 23053RN02A", "Xiaomi 2306EPN60G", "Xiaomi 23078PND5G", "Xiaomi 23090RA98G", "Xiaomi 23106RN0DA", "Xiaomi 23117RA68G", "Xiaomi 2311DRK48G", "Xiaomi 23129RAA4G", "Xiaomi 2312CRAD3C", "Xiaomi 2312DRA50G", "Xiaomi 24048RN6CG", "Xiaomi 24069PC21G", "Xiaomi 25028RN03A", "Xiaomi M2003J15SC", "Xiaomi M2004J19C", "Xiaomi M2006C3LG", "Xiaomi M2006C3MG", "Xiaomi M2007J20CG", "Xiaomi M2007J3SG", "Xiaomi M2010J19SG", "Xiaomi M2101K6G", "Xiaomi M2101K7AG", "Xiaomi M2101K9G", "Xiaomi M2102J20SG", "Xiaomi POCO F2 Pro", "Xiaomi Redmi Note 8", "Xiaomi Redmi Note 8 Pro", "Xiaomi Redmi Note 9 Pro", "Xiaomi_21081111rg", "Xiaomi_2201117sg", "Xiaomi_2201117tg", "Xiaomi_2203129g", "Xiaomi_220333qag", "Xiaomi_22071212ag", "Xiaomi_2209116ag", "Xiaomi_22101316g", "Xiaomi_23021raaeg", "Xiaomi_2303cra44a", "Xiaomi_23049rad8c", "Xiaomi_23078pnd5g", "Xiaomi_23090ra98g", "Xiaomi_23106rn0da", "Xiaomi_23117ra68g", "Xiaomi_23129raa4g", "Xiaomi_2312crad3c", "Xiaomi_2312dra50g", "Xiaomi_24048rn6cg", "Xiaomi_24069pc21g", "Xiaomi_m2004j19c", "Xiaomi_m2006c3lg", "Xiaomi_m2006c3mg", "Xiaomi_m2007j3sg", "Xiaomi_m2101k7ag", "Xiaomi_m2101k9g", "Xiaomi_m2102j20sg", "Xiaomi_poco_f2_pro", "Xiaomi_redmi_note_8", "iPhone10,4", "iPhone10,5", "iPhone10,6", "iPhone11,2", "iPhone11,8", "iPhone12,1", "iPhone12,3", "iPhone13,1", "iPhone13,2", "iPhone13,3", "iPhone13,4", "iPhone14,2", "iPhone14,3", "iPhone14,4", "iPhone14,5", "iPhone14,6", "iPhone14,7", "iPhone14,8", "iPhone15,2", "iPhone15,3", "iPhone15,4", "iPhone16,1", "iPhone16,2", "iPhone17,1", "iPhone17,2", "iPhone17,3", "iPhone5,1", "implyForteApp 1.0 Oneplus_gm190", "implyForteApp 1.0 Samsung_sm-a125", "implyForteApp 1.0 Vivo_v225", "implyForteApp 1.0 Xiaomi_poco_f2_pr", "x86_64"], ["Android/10", "Android/11", "Android/12", "Android/13", "Android/14", "Android/15", "Android/5.10.0", "Android/5.13.0", "Android/5.9.1", "Android/7.0", "Android/8.0.0", "Android/8.1.0", "Android/9", "Unknown", "iOS/10", "iOS/15.6.1", "iOS/16.0", "iOS/16.1", "iOS/16.1.2", "iOS/16.2", "iOS/16.3", "iOS/16.3.1", "iOS/16.6", "iOS/16.6.1", "iOS/16.7.10", "iOS/16.7.11", "iOS/17.2.1", "iOS/17.3", "iOS/17.3.1", "iOS/17.4.1", "iOS/17.5.1", "iOS/17.6", "iOS/17.6.1", "iOS/17.7", "iOS/17.7.1", "iOS/17.7.2", "iOS/18.0", "iOS/18.0.1", "iOS/18.1", "iOS/18.1.1", "iOS/18.2", "iOS/18.2.1", "iOS/18.3", "iOS/18.3.1", "iOS/18.3.2", "iOS/18.4", "iOS/18.4.1", "iOS/18.5", "iOS/18.6", "iOS/18.6.1", "iOS/18.6.2", "iOS/19.0", "iOS/26.0", "mib/13.2.2", "mibWebv3/13.2.2"]]
