tree
version=v4
num_class=1
num_tree_per_iteration=1
label_index=0
max_feature_idx=56
objective=binary sigmoid:1
feature_names=amount os_ver_count_30d phone_model_count_30d last_phone_model last_os sessions_unique_7d sessions_unique_30d daily_logins_avg_7d daily_logins_avg_30d login_freq_change_7_vs_30 login_share_7_of_30 avg_interval_30d std_interval_30d var_interval_30d ewm_interval_7d burstiness fano_factor zscore_interval_7_vs_30 log_amount sqrt_amount amount_cum_count cst_txn_count_past cst_amount_mean_past amount_diff_mean_past amount_over_mean_past cst_amount_deviation cst_amount_deviation_ratio hours_since_prev_trans target_txn_count_past target_fraud_rate_past target_txn_count_past_log1p target_fraud_rate_past_smooth is_new_phone_model_for_client is_new_os_for_client is_new_target_for_client is_night_tx is_weekend is_first_tx_for_client is_high_amount_global is_high_amount_vs_client target_same_as_prev cst_new_targets_ratio cst_night_tx_share cst_weekend_tx_share sessions_7d_vs_30d_ratio logins_7d_vs_30d_ratio is_login_spike amount_x_new_target amount_x_high_fraud_rate night_x_high_amount new_device_x_high_amount weekend_x_high_amount high_amount_x_new_os first_tx_x_high_amount new_target_x_high_fraud_target risk_score risk_x_target_fraud
feature_infos=[-50000:5024700] [0:6] [0:5] -1:254:247:249:253:251:238:36:244:257:245:131:192:241:242:174:119:231:171:246:202:256:67:123:234:212:252:4:75:54:204:175:199:185:116:240:94:51:176:197:161:220:135:140:166:194:181:74:90:258:78:133:30:107:255:137:198:114:120:93:118:229:77:139:210:184:132:178:79:191:209:92:84:165:167:38:168:26:187:16:18:201:62:63:138:239:193:243:91:150:232:98:211:8:56:87:111:223:233:27:66:86:215:134:264:218:117:158:59:164:88:99:126:188:195:81:152:196:17:33:41:12:37:39:82:227:31:69:13:60:159:180:11:52:55:58:83:100:177:89:129:151:225:22:101:109:112:124:148:162:21:65:169:186:32:70:110:125:190:228:14:29:103:142:149:156:163:179:182:183:200:203:206:217:222:9:10:53:64:95:141:173:236:2:7:20:71:72:127:143:144:208:226:15:23:25:34:48:80:105:106:154:157:160:172:207:261:263:0:24:40:57:61:102:108:147:214:230 -1:4:2:3:5:47:39:32:1:30:0:44:46:43:42:28:41:40:12:36:38:23:37:18:24:16:33:25:17:45:29:48:21:31:19:53:34:35:22:52:27:6:15:11:20:49:54:7 [0:180] [0:388] [0:25.714285714285715] [0:12.933333333333334] [-1:3.285714285714286] [0:1] [-1:2746920] [-1:1674994.5432746939] [-1:962454160114.28577] [-1:582180] [-1:0.68288648343628755] [-1:2856431.5070558186] [-1.6863033664441271:4.8906223730604932] [0:15.429876507651509] [0:2241.584261186717] [0:242] [0:242] [100:3757075] [-3008245:4508700] [-0.59719933388847579:1999.9800001999979] [0:4508700] [0:1979.2079207920792] [0:999999] [0:214] [0:1] [0:5.3706380281276624] [0.00053229638262584607:0.17660286580901577] [0:1] [0:1] [0:1] [0:1] [0:1] [0:1] [0:1] [0:1] [0:1] [0:1] [0:1] [0:1] [0:0.97674418604651159] [0:2.5714285714285712] [0:1] [0:5000000] [-156.88735487919675:353205.73161803151] none none [0:1] none none [0:0.17660286580901577] [0:3] [0:0.20349716176512536]
tree_sizes=600 1003 1207 1273 869 968 664 1499 1214 1024 915 1083 1190 1621 1530 1548 1852 1608 1942 2205 1357 1784 1782 1468 1491 1729 1715 2056 1346 1553 2255 1463 1501 1859 1643 1905 1650 1342 1801 1946 1195 1733 1710 1573 2154 2002 1997 2529 2212 1949 1510 1737 1932 2291 1709 2086 2173 2014 2092

Tree=0
num_leaves=4
num_cat=1
split_feature=29 0 3
split_gain=228512 25180.1 2865.27
threshold=1.0000000180025095e-35 5985.0000000000009 0
decision_type=2 2 9
left_child=2 -2 -1
right_child=1 -3 -4
leaf_value=-4.0336731174633327 -4.428666674105088 -2.2115208729651421 -4.4394535550424843
leaf_weight=4.274179051630199 4.7398254675790659 106.41371345892549 79.879652144387364
leaf_count=116 401 816 6758
internal_value=-3.16514 -2.30263 -4.3589
internal_weight=195.307 111.154 84.1538
internal_count=8091 1217 6874
cat_boundaries=0 7
cat_threshold=0 0 8 4194304 0 0 67108864
is_linear=0
shrinkage=1


Tree=1
num_leaves=8
num_cat=1
split_feature=28 48 26 26 3 41 25
split_gain=4894.81 567.315 733.322 632.253 437.427 54.4999 96.1277
threshold=3.5000000000000004 119.24035142767495 0.73500836636835032 0.67332916866539205 0 0.41666666666666669 82497.058823529427
decision_type=2 2 2 2 9 2 2
left_child=1 2 3 -1 -2 -3 -7
right_child=4 5 -4 -5 -6 6 -8
leaf_value=-0.018503149767415503 0.14301353274166545 0.28494468759073782 -0.02405242265414367 0.29851396837750632 -0.024714228424357155 0.08936306837180763 0.22516901726264607
leaf_weight=6.7712953416630652 1.964044451713562 651.82998054288328 15.519791153259574 17.995629425160587 65.694098401814699 16.626599133014679 34.119532734155655
leaf_count=270 33 1149 763 61 5665 105 56
internal_value=0.250743 0.27285 0.135871 0.223292 0.00594284 0.279689 0.192679
internal_weight=810.521 742.863 40.2867 24.7669 67.6581 702.576 50.7461
internal_count=8102 2404 1094 331 5698 1310 161
cat_boundaries=0 4
cat_threshold=0 0 0 4194304
is_linear=0
shrinkage=0.03


Tree=2
num_leaves=10
num_cat=1
split_feature=28 24 3 13 24 0 42 42 13
split_gain=3100.37 445.038 426.485 285.334 265.371 541.273 182.011 195.758 102.371
threshold=3.5000000000000004 0.056068228412213615 0 1.0000000180025095e-35 1.4178559387322027 9004.5000000000018 0.055728088336783992 0.31414473684210531 1406150138.297806
decision_type=2 2 9 2 2 2 2 2 2
left_child=1 3 -2 -1 5 -3 -7 -8 -5
right_child=2 4 -4 8 -6 6 7 -9 -10
leaf_value=0.48041248238995859 0.13989319367307282 -0.021484224662648193 -0.024651391577674413 0.18029300068865778 0.22721066450350708 0.19382944873300095 -0.022337468703933955 0.14042918454150374 -0.010287080359675902
leaf_weight=9.856967883184554 2.2735529560595751 10.705703634768723 64.903010306879878 7.424504488706587 585.10770207550377 257.4198805950582 9.7073932811617869 10.209618389606474 2.5385991726070642
leaf_count=23 34 602 5732 18 657 739 151 16 209
internal_value=0.203244 0.217951 0.00618943 0.374696 0.21228 0.178591 0.186557 0.0725347 0.144522
internal_weight=960.147 892.97 67.1766 19.8201 873.15 288.043 277.337 19.917 9.9631
internal_count=8181 2415 5766 250 2165 1508 906 167 227
cat_boundaries=0 4
cat_threshold=0 0 0 4194304
is_linear=0
shrinkage=0.03


Tree=3
num_leaves=11
num_cat=0
split_feature=48 28 28 28 19 0 25 0 0 25
split_gain=2053.89 449.12 565.799 292.254 143.288 303.78 114.734 83.1985 202.532 25.3209
threshold=47.886069415063226 3.5000000000000004 45.500000000000007 46.500000000000007 92.249645323321758 5477.0000000000009 27149.510416666668 45050.000000000007 947500.00000000012 18757.71290605795
decision_type=2 2 2 2 2 2 2 2 2 2
left_child=-1 4 -3 -4 5 -2 7 9 -9 -6
right_child=1 2 3 -5 6 -7 -8 8 -10 -11
leaf_value=-0.02727549440105476 0.43262846977035024 -0.025037614756475649 0.34393906664351581 -0.010329493644005993 0.15842291042347709 0.15679622111368946 0.18437153574591622 -0.023511380742198336 0.135598995337296 0.077474021324766704
leaf_weight=44.417005714029074 6.0624724971130517 23.581528058275584 2.0457441834732881 2.5805777255445719 162.92544929403812 21.968278589658439 833.24215167015791 11.051718650385737 10.579442024230957 18.660197334364057
leaf_count=3978 146 2114 18 232 429 102 861 180 1 121
internal_value=0.169874 0.177976 0.0490664 0.243603 0.181146 0.272911 0.177366 0.144904 0.0651552 0.152403
internal_weight=1137.11 1092.7 28.2078 4.62632 1064.49 28.0308 1036.46 203.217 21.6312 181.586
internal_count=8182 4204 2364 250 1840 248 1592 731 181 550
is_linear=0
shrinkage=0.03


Tree=4
num_leaves=7
num_cat=0
split_feature=31 11 25 25 25 25
split_gain=2210.55 773.571 197.187 261.903 45.3413 154.389
threshold=0.011381464472145367 6854.6842387739289 10802.542627257802 5545.5099954566122 2401.0915991902839 5421.291666666667
decision_type=2 2 2 2 2 2
left_child=1 -1 3 4 -2 -6
right_child=2 -3 -4 -5 5 -7
leaf_value=0.26424465033049832 0.14069966261685499 -0.028669281074094673 0.15832385917894115 -0.024928888699246851 -0.023246460600701055 0.115419766335535
leaf_weight=3.9415169460698953 38.330680693499744 82.751705904491246 1158.1487043285742 12.04791571293026 9.8646544460207224 12.577774570323527
leaf_count=33 79 6873 933 140 109 8
internal_value=0.144675 -0.00166894 0.154946 0.0945104 0.118284 0.0613383
internal_weight=1317.66 86.6932 1230.97 72.821 60.7731 22.4424
internal_count=8175 6906 1269 336 196 117
is_linear=0
shrinkage=0.03


Tree=5
num_leaves=8
num_cat=0
split_feature=28 26 48 0 10 9 48
split_gain=1794.82 120.696 164.255 53.1885 591.135 246.844 43.4611
threshold=3.5000000000000004 0.12467404747303264 17849.559289157663 6000.2150000000011 0.55409356725146208 -0.7654455371218376 1485.5141626493999
decision_type=2 2 2 2 2 2 2
left_child=1 2 -1 4 5 -3 -5
right_child=-2 3 -4 6 -6 -7 -8
leaf_value=-0.024226608494807029 -0.02799702921704874 0.15009184272822157 0.11262259194302186 0.1242461931002258 0.37953275276671533 -0.019987304481642685 0.14470821024544733
leaf_weight=11.523288167081773 60.082917963154614 22.756326660513878 12.841960906982422 551.29369699954987 7.4824376804754129 9.1373491371050495 718.92866647429764
leaf_count=191 5690 49 1 1185 95 620 306
internal_value=0.130291 0.137499 0.0547962 0.138823 0.194269 0.10526 0.136349
internal_weight=1394.05 1333.96 24.3652 1309.6 39.3761 31.8937 1270.22
internal_count=8137 2447 192 2255 764 669 1491
is_linear=0
shrinkage=0.03


Tree=6
num_leaves=5
num_cat=0
split_feature=28 18 13 42
split_gain=1517.79 314.781 1100.23 8.08453
threshold=3.5000000000000004 8.6084947499922979 336879645.37935132 0.1135867407701469
decision_type=2 2 2 2
left_child=1 2 -1 -3
right_child=-2 3 -4 -5
leaf_value=0.36750095792137238 -0.027938744680416756 0.12391746130908869 -0.019840351959364452 0.086530492058450328
leaf_weight=14.074806417338552 58.723500838503242 1467.2047573961318 9.3436295976862294 56.451091130264103
leaf_count=89 5718 1494 692 169
internal_value=0.119627 0.1253 0.236657 0.12282
internal_weight=1605.8 1547.07 23.4184 1523.66
internal_count=8162 2444 781 1663
is_linear=0
shrinkage=0.03


Tree=7
num_leaves=12
num_cat=2
split_feature=48 18 3 48 3 43 9 29 30 31 48
split_gain=737.792 470.902 194.717 754.153 208.335 166.797 76.2314 68.3043 154.992 91.4743 10.0118
threshold=29.795779730153754 8.2974141075284873 0 702.43083113383432 1 1.0000000180025095e-35 -0.08539325842696624 1.0000000180025095e-35 0.89587973461402759 0.0021105084644463374 1485.5141626493999
decision_type=2 2 9 2 9 2 2 2 2 2 2
left_child=-1 -2 7 4 -4 6 -6 8 -3 -10 -5
right_child=1 2 3 10 5 -7 -8 -9 9 -11 -12
leaf_value=-0.026431465332543366 0.28313303927999089 -0.011226557768128524 0.068145424570094135 0.076223092996760597 0.079129874926805677 -0.032738163362395496 -0.02102755841102439 0.11919853984995728 -0.0069638515739399113 0.21171995626490647 0.11034374047576788
leaf_weight=33.839116980321705 11.298262368887661 2.8645674046129015 36.892951813526452 61.45539996214211 17.947319515049461 65.404564619995654 7.2336311340332022 905.88435039762408 1.4912191377952719 26.292808559723198 327.15273299533874
leaf_count=3253 187 120 203 324 87 2126 150 326 147 981 265
internal_value=0.108575 0.111775 0.109476 0.0838024 0.0210595 -0.00706859 0.051641 0.120929 0.182106 0.200711 0.105985
internal_weight=1497.76 1463.92 1452.62 516.087 127.478 90.5855 25.181 936.533 30.6486 27.784 388.608
internal_count=8169 4916 4729 3155 2566 2363 237 1574 1248 1128 589
cat_boundaries=0 9 17
cat_threshold=67141632 0 82056 677382152 69206016 1050624 67108864 3665838592 1 0 0 0 0 0 0 0 537133056
is_linear=0
shrinkage=0.03


Tree=8
num_leaves=10
num_cat=1
split_feature=48 4 15 32 0 30 30 30 26
split_gain=790.386 204.861 174.17 95.5094 76.0401 66.2062 529.736 184.851 25.9056
threshold=47.886069415063226 0 -0.057105982536890892 1.0000000180025095e-35 6000.2150000000011 1.2424533248940004 3.8393944990995772 3.8606743063089755 0.69263649433534547
decision_type=2 9 2 2 2 2 2 2 2
left_child=-1 2 -2 4 -3 -6 -7 -8 -5
right_child=1 3 -4 8 5 6 7 -9 -10
leaf_value=-0.027096866953744952 0.080383830234513856 0.14782508124165855 -0.030711048870850848 0.079071773053885519 0.10507840141362172 -0.025188669097131529 0.29264583322695176 -0.0086663223157390848 0.033517251249808915
leaf_weight=41.742729511111975 17.141837663948536 63.284216594882309 25.430909033864737 38.967547937296331 1362.2310150163248 24.006091047078375 3.1596023719757786 2.0021385475993156 31.639860133640468
leaf_count=3998 12 147 537 89 1050 2002 19 200 117
internal_value=0.0988727 0.102302 0.014682 0.103917 0.106432 0.104027 0.0467272 0.229015 0.0622248
internal_weight=1609.61 1567.86 42.5727 1525.29 1454.68 1391.4 29.1678 5.16174 70.6074
internal_count=8171 4173 549 3624 3418 3271 2221 219 206
cat_boundaries=0 2
cat_threshold=0 6784
is_linear=0
shrinkage=0.03


Tree=9
num_leaves=8
num_cat=2
split_feature=48 4 15 3 31 48 48
split_gain=548.331 199.385 165.975 126.019 813.665 12.1968 6.91883
threshold=29.795779730153754 0 -0.057105982536890892 1 0.011381464472145367 183.56236205310574 141.11410095093814
decision_type=2 9 2 9 2 2 2
left_child=-1 2 -2 -3 -5 6 -6
right_child=1 3 -4 4 5 -7 -8
leaf_value=-0.026192671558114094 0.07610892023011756 0.16240300951341957 -0.030628751176107458 -0.027579889188207071 0.083456650175996155 0.099031902273713779 0.045429540945094819
leaf_weight=31.740261455066502 17.817767518572509 62.12446307297796 26.375574333593249 46.092715149745345 117.8248011674732 1567.2839900627732 26.11190864443779
leaf_count=3219 17 122 614 3283 295 491 52
internal_value=0.0938236 0.0959322 0.0131035 0.0972976 0.0936409 0.0975226 0.0783148
internal_weight=1895.37 1863.63 44.1933 1819.44 1757.31 1711.22 143.937
internal_count=8093 4874 631 4243 4121 838 347
cat_boundaries=0 2 10
cat_threshold=0 6784 0 0 8 4194304 0 0 67108864 32768
is_linear=0
shrinkage=0.03


Tree=10
num_leaves=7
num_cat=2
split_feature=48 4 3 0 43 24
split_gain=615.446 71.2875 263.76 34.7361 31.5406 200.684
threshold=47.886069415063226 0 1 6000.2150000000011 0.46770833333333339 4.6307900285065271
decision_type=2 9 9 2 2 2
left_child=-1 2 -2 -3 -5 -6
right_child=1 3 -4 4 5 -7
leaf_value=-0.026942223424153519 0.07371322178008384 0.12492739234004206 -0.025198604422006322 0.091131769406805646 -0.028660840681270717 0.085401945164376589
leaf_weight=39.774990639649332 54.272084034048021 57.169929687865078 31.928105753846467 1632.8045031856745 15.357545792125164 54.810281663201749
leaf_count=3993 36 142 651 3035 225 35
internal_value=0.0868611 0.0893789 0.0387721 0.0910052 0.0900369 0.0601913
internal_weight=1886.12 1846.34 86.2002 1760.14 1702.97 70.1678
internal_count=8117 4124 687 3437 3295 260
cat_boundaries=0 2 10
cat_threshold=2 6272 67108864 0 0 0 0 0 0 2097152
is_linear=0
shrinkage=0.03


Tree=11
num_leaves=9
num_cat=0
split_feature=31 8 9 0 16 0 25 25
split_gain=753.188 257.286 322.489 70.6557 294.621 18.4401 1.98387 43.409
threshold=0.011381464472145367 1.0000000180025095e-35 -0.42857142857142849 6000.2150000000011 762072.85705845885 31063.500000000004 101670.645764393 39269.071428571435
decision_type=2 2 2 2 2 2 2 2
left_child=1 2 -1 4 6 -5 7 -2
right_child=3 -3 -4 5 -6 -7 -8 -9
leaf_value=0.19811090703154355 -0.016544231297728664 -0.028574737234577659 -0.020909834751048968 0.071992160789210849 0.22612277638451828 0.085799549146277257 0.090643693526197611 0.065706534396739222
leaf_weight=6.5114638879895237 5.2510719457641271 73.24282306060195 10.970798602327703 323.34195891022682 14.789946416392921 1504.378494091332 34.122379830107093 20.205787438899279
leaf_count=145 248 5822 976 375 25 419 22 128
internal_value=0.0812691 -0.00302082 0.0865838 0.0852869 0.119791 0.08356 0.0779319 0.0488097
internal_weight=1992.81 90.7251 17.4823 1902.09 74.3692 1827.72 59.5792 25.4569
internal_count=8160 6943 1121 1217 423 794 398 376
is_linear=0
shrinkage=0.03


Tree=12
num_leaves=10
num_cat=0
split_feature=29 44 24 16 0 24 24 24 24
split_gain=720.834 328.879 168.641 125.993 31.9095 17.3001 99.5322 2.74626 85.2493
threshold=1.0000000180025095e-35 0.96805273833671412 0.054163423788464331 762072.85705845885 10520.000000000002 0.101309833466427 0.2886774421732447 0.29311671640559145 0.32436417379866994
decision_type=2 2 2 2 2 2 2 2 2
left_child=1 -1 3 -2 5 -4 -7 -8 -9
right_child=2 -3 4 -5 -6 6 7 8 -10
leaf_value=-0.028756876606483309 0.066694445225494794 0.11256908186494145 0.071739496059695873 0.19969248545325516 0.07873698422996063 -0.027305251070815762 0.07371005854027228 0.069523597630119699 -0.025039305844027252
leaf_weight=82.553751306608319 19.921408100984991 12.847882270812987 39.835923511534929 16.971115928143263 1677.995288670063 13.094876812770961 17.997649420052767 19.177468087524179 10.077775673940776
leaf_count=6871 132 1 107 6 649 167 2 23 112
internal_value=0.0750602 -0.00506618 0.0792741 0.144407 0.0775216 0.0543901 0.0383248 0.0573849 0.0380487
internal_weight=1910.47 95.4016 1815.07 36.8925 1778.18 100.184 60.3478 47.2529 29.2552
internal_count=8070 6872 1198 138 1060 411 304 137 135
is_linear=0
shrinkage=0.03


Tree=13
num_leaves=14
num_cat=1
split_feature=4 28 26 24 24 16 0 6 25 25 6 9 44
split_gain=267.862 220.311 309.663 278.097 103.908 92.914 59.3667 183.18 95.316 174.554 70.3278 71.968 26.4719
threshold=0 3.5000000000000004 1.0893931286974687 2.108215794551032 0.054163423788464331 762072.85705845885 31063.500000000004 68.500000000000014 29820.412864661655 89150.687500000015 18.500000000000004 -0.08539325842696624 0.23827838827838829
decision_type=9 2 2 2 2 2 2 2 2 2 2 2 2
left_child=-1 4 -3 -4 5 -2 7 8 10 -10 11 -6 -12
right_child=1 2 3 -5 6 -7 -8 -9 9 -11 12 -13 -14
leaf_value=-0.02315842794433487 0.075756057210200595 -0.027084841138477665 0.21783677504487206 -0.017388571861630245 0.054627225227138955 0.17307521782990135 0.077854458100477739 -0.029746464860069367 -0.032541031769864552 0.06347170992990997 0.05014717932884618 -0.027073548607003829 0.085897376955886062
leaf_weight=25.082790713757277 38.962479952722788 42.165433627553284 5.5848797503858787 6.7087753340601921 22.849834639579058 19.70131035335362 1492.2965165022761 16.30167886428535 22.763057398609817 42.312861798331141 50.148420985788107 11.137565116398035 188.31648952327669
leaf_count=830 221 4542 9 634 61 16 749 259 246 40 201 152 224
internal_value=0.0733887 0.0744196 0.0138702 0.121558 0.0764996 0.119465 0.0748153 0.0610911 0.0658485 0.0299616 0.0737257 0.0278156 0.0795635
internal_weight=1984.33 1959.25 54.4591 12.2937 1904.79 58.6638 1846.13 353.83 337.528 65.0759 272.452 33.9874 238.465
internal_count=8184 7354 5185 643 2169 237 1932 1183 924 286 638 213 425
cat_boundaries=0 2
cat_threshold=0 3712
is_linear=0
shrinkage=0.03


Tree=14
num_leaves=13
num_cat=1
split_feature=48 4 44 26 28 48 47 27 48 23 26 24
split_gain=321.981 138.304 122.173 64.023 188.675 69.5704 189.969 50.4507 29.3352 188.713 38.4279 171.58
threshold=29.795779730153754 0 0.46470099667774095 0.93831404025712295 3.5000000000000004 214.63978663319742 2855.0000000000005 502597.42388888897 298.02063382491377 -27878.496645702304 0.67332916866539205 1.1295415811042615
decision_type=2 9 2 2 2 2 2 2 2 2 2 2
left_child=-1 2 -2 4 7 6 -5 8 9 -3 11 -11
right_child=1 3 -4 5 -6 -7 -8 -9 -10 10 -12 -13
leaf_value=-0.025871343638315992 -0.032130682327584453 -0.030971408847465434 0.055982908827806217 0.18672107096011306 -0.024088997972018435 0.074213333329055539 0.072082181094600864 0.025575800998312793 0.072756576161293593 -0.030029053503357387 0.080309944195926297 0.06674882439227052
leaf_weight=29.148713403381407 25.905714645050466 18.392950026318431 21.310683893039823 18.401057341136038 19.323016196489334 1250.7764660483226 60.337059203535318 34.905263975262642 455.20200646668673 18.482568266801536 77.09946106094867 63.458382796496153
leaf_count=3252 549 223 48 300 1945 834 43 111 385 275 152 72
internal_value=0.0693705 0.0707751 0.00771383 0.0718355 0.0630914 0.076638 0.108423 0.0657753 0.0677754 0.0533523 0.0637511 0.0444481
internal_weight=2092.74 2063.59 47.2164 2016.38 686.864 1329.51 78.7381 667.541 632.635 177.433 159.04 81.941
internal_count=8189 4937 597 4340 3163 1177 343 1218 1107 722 499 347
cat_boundaries=0 2
cat_threshold=0 19072
is_linear=0
shrinkage=0.03


Tree=15
num_leaves=13
num_cat=1
split_feature=3 28 20 20 24 20 24 27 20 44 15 20
split_gain=264.284 177.74 260.846 199.478 18.3116 29.8749 107.086 188.748 138.71 14.4268 10.7135 5.87507
threshold=0 3.5000000000000004 106.50000000000001 107.50000000000001 0.056068228412213615 16.500000000000004 1.3697015586460246 213.89027777777781 5.5000000000000009 0.15821566110397947 0.43220360334748625 2.5000000000000004
decision_type=9 2 2 2 2 2 2 2 2 2 2 2
left_child=-1 4 -3 -4 10 6 7 8 11 -8 -2 -6
right_child=1 2 3 -5 5 -7 9 -9 -10 -11 -12 -13
leaf_value=-0.024651504591353894 0.065190918004869119 -0.026987696072747903 0.17423513437316421 -0.017226687479957346 0.036817512272478974 0.071315283398016391 0.043277708211014253 -0.033147780999287363 -0.029544924646179891 0.069721215033353517 0.11540102871487647 0.06848406679017853
leaf_weight=26.771256169304252 42.152515647001565 40.79530649073422 7.7766019375994784 6.607937672175467 27.870016577653587 1359.9984215125442 52.067127065733075 25.46628318913281 13.921489943750201 457.82419430650771 28.026176604442298 82.64615923166275
leaf_count=802 217 4448 12 786 141 808 115 264 179 277 20 140
internal_value=0.0663197 0.0673113 0.0131316 0.104525 0.0690283 0.0680204 0.0607436 0.0364331 0.0514033 0.0674674 0.0915841 0.0624376
internal_weight=2171.92 2145.15 55.1798 14.3845 2089.97 2019.79 659.795 149.904 124.438 509.891 70.1787 110.516
internal_count=8209 7407 5246 798 2161 1924 1116 724 460 392 237 281
cat_boundaries=0 9
cat_threshold=0 0 8 0 8 0 1024 536870912 2
is_linear=0
shrinkage=0.03


Tree=16
num_leaves=16
num_cat=1
split_feature=4 28 23 23 24 16 10 0 26 26 0 26 26 24 24
split_gain=286.484 149.765 233.629 168.188 44.5676 36.93 31.4685 24.6623 28.9297 159.776 20.1536 23.9839 158.141 18.3376 98.0795
threshold=0 3.5000000000000004 30645.64814814815 31935.302419354844 0.054163423788464331 762072.85705845885 0.040270270270270254 31063.500000000004 0.51150955106200746 0.15405440690916314 20003.000000000004 0.73500836636835032 0.89697747797501093 0.10375985591036115 0.19752775650600671
decision_type=9 2 2 2 2 2 2 2 2 2 2 2 2 2 2
left_child=-1 4 -3 -4 5 -2 13 8 9 -8 11 -10 -13 -6 -15
right_child=1 2 3 -5 6 -7 7 -9 10 -11 -12 12 -14 14 -16
leaf_value=-0.024816146420538265 0.063947300936023146 -0.026747214933534161 0.15572626150631044 -0.017185372933266652 0.057978944365730423 0.12728413643008984 0.063525657632635416 0.068432463190849446 0.071408169673490896 -0.032071319352171009 0.029225211644005218 -0.029414241443016843 0.061476577960148361 0.056884709214667553 -0.0326592620275429
leaf_weight=30.314279313199222 42.534974996931851 37.906680471263826 8.9976719897240383 6.5155102792195967 20.255286840721965 26.207016382366419 42.980413679033518 1578.8596459142864 187.28647165931761 19.689470934681594 30.118040142580867 17.217321706004441 109.11158831277862 20.498802565969527 15.045646248385308
leaf_count=1075 218 4396 19 579 13 15 81 650 220 223 79 289 227 9 137
internal_value=0.0640171 0.0651304 0.0142806 0.0966163 0.0666891 0.0950868 0.0655026 0.0662035 0.0568177 0.0333407 0.0605587 0.063062 0.0484409 0.0371727 0.0196282
internal_weight=2193.54 2163.22 53.4199 15.5132 2109.8 68.742 2041.06 1985.26 406.403 62.6699 343.733 313.615 126.329 55.7997 35.5444
internal_count=8230 7155 4994 598 2161 233 1928 1769 1119 304 815 736 516 159 146
cat_boundaries=0 2
cat_threshold=1073741824 2688
is_linear=0
shrinkage=0.03


Tree=17
num_leaves=14
num_cat=0
split_feature=48 0 26 8 43 24 13 43 13 11 26 48 48
split_gain=260.675 88.5829 48.3165 126.477 28.0567 293.192 48.7079 67.0809 36.7567 17.0368 100.842 5.1595 71.8935
threshold=29.795779730153754 2515.0000000000005 0.12467404747303264 4.9500000000000011 0.27796173657100814 0.7092397501494121 5784087686.0672913 0.4152394775036285 178459768050.37436 195559.28571428577 0.13244399051517777 88.359839882729247 70.243083113383435
decision_type=2 2 2 2 2 2 2 2 2 2 2 2 2
left_child=-1 -2 3 -3 8 -6 -7 9 11 10 -8 12 -4
right_child=1 2 4 -5 5 6 7 -9 -10 -11 -12 -13 -14
leaf_value=-0.025655596352090589 0.11770542613535871 -0.029567708421752888 -0.020499963291917639 0.070521259789201152 -0.033235087655316756 0.065124787066177248 0.061586307395039182 -0.027986843294618584 0.10459488246359083 0.058249223957613651 -0.031739582998505274 0.064800627345403955 0.059202939766381649
leaf_weight=27.597665182780474 27.924602761864662 17.967905460856855 10.163686409126965 18.477412701584399 29.213787752669305 378.72475392464548 19.71364453388378 9.5915717859752458 29.038445711601526 41.967994293197989 13.901446445845066 1543.1716692144983 43.903567847795784
leaf_count=3240 9 421 773 4 699 385 7 169 46 34 314 1883 174
internal_value=0.0620772 0.063242 0.0622658 0.0235623 0.0628743 0.0544103 0.0602252 0.0360365 0.0652661 0.0453935 0.0238792 0.0642269 0.0437532
internal_weight=2211.36 2183.76 2155.84 36.4453 2119.39 493.113 463.899 85.1747 1626.28 75.5831 33.6151 1597.24 54.0673
internal_count=8158 4918 4909 425 4484 1608 909 524 2876 355 321 2830 947
is_linear=0
shrinkage=0.03


Tree=18
num_leaves=17
num_cat=1
split_feature=4 48 0 48 26 31 28 28 25 25 25 10 13 13 13 0
split_gain=285.869 222.574 64.1591 38.3881 120.195 44.6117 138.825 71.933 37.3947 64.9168 38.3559 4.65425 22.5945 106.869 6.71083 14.2111
threshold=0 29.795779730153754 2515.0000000000005 928.70341317156533 0.12467404747303264 0.0021485417625988702 3.5000000000000004 46.500000000000007 2401.0915991902839 8664.7988025558498 5421.291666666667 0.19456735496558503 7370267473.9024401 7635757016.3101606 6416647067.3454084 6775.0000000000009
decision_type=9 2 2 2 2 2 2 2 2 2 2 2 2 2 2 2
left_child=-1 -2 -3 4 -4 7 8 -6 -7 10 -10 12 14 -14 15 -11
right_child=1 2 3 -5 5 6 -8 -9 9 11 -12 -13 13 -15 -16 -17
leaf_value=-0.02572913601472912 -0.025099891223907846 0.10879382151648424 -0.027380309965069929 0.064748485202897624 0.13581756549026922 0.07939004354415341 -0.023576205271106376 -0.010994492718936516 -0.027135731223629844 0.056122755329423735 0.030485533838240184 0.058034498357668968 0.060714700020711769 -0.03182344790148034 0.065284583747840783 0.020741232264419408
leaf_weight=31.98439183877781 24.125995927024633 29.684562185779214 13.043571692425756 1461.5114500913769 10.57614412344992 76.156140009872615 17.471102913841605 2.8456612234003833 10.480650599114595 21.154321679845452 29.237809067592025 499.70548359584063 19.815133977681398 16.241682830266654 40.17041549552232 33.339749934151769
leaf_count=1006 2880 8 345 625 16 49 1779 292 104 41 101 617 2 176 6 109
internal_value=0.0598465 0.0609344 0.0621636 0.0613092 0.0545813 0.056123 0.0544633 0.110155 0.0564349 0.0532577 0.0139468 0.0556051 0.0445225 0.020232 0.0522954 0.0380385
internal_weight=2337.54 2305.56 2281.43 2251.75 790.238 777.194 763.772 13.4218 746.301 670.145 39.7185 630.427 130.721 36.0568 94.6645 54.4941
internal_count=8156 7150 4270 4262 3637 3292 2984 308 1205 1156 205 951 334 178 156 150
cat_boundaries=0 2
cat_threshold=0 6784
is_linear=0
shrinkage=0.03


Tree=19
num_leaves=19
num_cat=1
split_feature=3 48 20 26 29 48 25 24 48 15 13 15 15 20 48 48 48 15
split_gain=241.417 189.885 137.376 58.9493 257.12 70.0262 36.7158 28.7752 79.5298 101.846 10.4351 8.04204 28.1694 13.9367 6.73924 11.0875 36.5933 0.699443
threshold=0 29.795779730153754 241.50000000000003 0.93831404025712295 1.0000000180025095e-35 129.83552872278815 46798.854844913156 0.32436417379866994 356.85149491236729 -0.070107844044781195 124437509264.34785 0.17878311437014224 0.069897925575999456 13.500000000000002 595.37705260955988 465.12932217083602 239.66112331346099 0.10592881769563452
decision_type=9 2 2 2 2 2 2 2 2 2 2 2 2 2 2 2 2 2
left_child=2 -2 -1 4 -3 6 -5 8 9 -6 14 12 -9 -13 15 16 -7 -14
right_child=1 3 -4 5 7 10 -8 11 -10 -11 -12 13 17 -15 -16 -17 -18 -19
leaf_value=-0.03545214779938835 -0.024705568246036792 -0.026695043414676971 0.050753033442187546 0.12675906965132244 0.046611165437842161 0.038835787910243308 0.068260274318908215 0.057178369864414852 0.057921314542993138 -0.034026408047812186 0.078979320610857481 0.048015403794433094 0.034494890552146315 0.067076399980793747 0.060344535883005063 0.052769182190786502 -0.025514601030327686 0.018958287769162765
leaf_weight=42.442910421639681 22.123144295532256 33.703659797552973 20.669214248657227 26.620346078649163 22.912205820903182 24.515420202631507 60.938404945656657 112.22170019987971 63.78886952996254 23.596034438349307 72.090851385146379 121.08060717023909 25.999723197892308 270.99837119970471 1044.6416751723737 44.300077655352652 6.9717001575045279 34.712548786774278
leaf_count=1262 2738 2486 1 136 18 104 89 68 13 199 37 101 29 78 502 66 166 75
internal_value=0.0561247 0.057783 -0.00485408 0.0590499 0.0509384 0.063327 0.0919323 0.0549807 0.037402 0.00636792 0.0608516 0.058054 0.0479097 0.0618688 0.0593396 0.0426098 0.0230438 0.0277302
internal_weight=2074.33 2011.22 63.1121 1989.09 709.014 1280.08 87.5588 675.31 110.297 46.5082 1192.52 565.013 172.934 392.079 1120.43 75.7872 31.4871 60.7123
internal_count=8168 6905 1263 4167 3067 1100 225 581 230 217 875 351 172 179 838 336 270 104
cat_boundaries=0 9
cat_threshold=0 2147483648 0 8388608 8 280576 1025 536871936 2
is_linear=0
shrinkage=0.03


Tree=20
num_leaves=11
num_cat=2
split_feature=3 48 3 31 44 41 0 0 0 0
split_gain=243.357 189.344 53.9315 220.563 205.995 33.9157 104.376 149.751 37.4699 77.6425
threshold=0 29.795779730153754 1 0.011381464472145367 0.96805273833671412 0.057189542483660136 58889.000000000007 20500.938800000004 17770.000000000004 7503.0000000000009
decision_type=9 2 9 2 2 2 2 2 2 2
left_child=-1 -2 -3 4 -4 -5 7 8 9 -7
right_child=1 2 3 5 -6 6 -8 -9 -10 -11
leaf_value=-0.025789692585345074 -0.024829122611926453 0.098256329810690504 -0.028026443044498254 0.060579613575649803 0.080167605811907766 0.044503034912014065 0.056713395919541838 -0.037427773667363079 0.052953218897788527 -0.031386088279054619
leaf_weight=29.492797946091741 22.773548292461783 59.055355687625706 51.2927037156187 1424.5883634490892 17.043120939284563 24.848744732327759 479.73056989908218 23.824755594134331 68.635808870196342 15.926544576883314
leaf_count=854 2892 111 3485 364 2 90 132 112 42 84
internal_value=0.0554472 0.0564588 0.0576293 0.0555314 0.00258346 0.0575684 0.0501365 0.0252609 0.0399508 0.0146707
internal_weight=2217.21 2187.72 2164.95 2105.89 68.3358 2037.55 612.966 133.236 109.411 40.7753
internal_count=8168 7314 4422 4311 3487 824 460 328 216 174
cat_boundaries=0 9 17
cat_threshold=0 0 0 0 8 262144 1025 536870912 2 0 0 8 4194304 0 0 0 32768
is_linear=0
shrinkage=0.03


Tree=21
num_leaves=15
num_cat=2
split_feature=48 4 23 3 31 0 27 31 27 0 27 26 27 21
split_gain=196.861 56.0915 145.672 49.6789 224.115 87.5058 215.69 47.6529 102.969 46.5704 53.0091 31.8312 42.9607 144.816
threshold=29.795779730153754 0 257129.75343764821 1 0.011381464472145367 55050.000000000007 32.46402777777778 0.010387844557910452 18.98555555555556 58889.000000000007 19.270694444444448 0.95551215790762167 1703.130277777778 201.50000000000003
decision_type=2 9 2 9 2 2 2 2 2 2 2 2 2 2
left_child=-1 2 -2 7 -5 6 -6 8 -3 10 -10 12 13 -8
right_child=1 3 -4 4 5 -7 11 -9 9 -11 -12 -13 -14 -15
leaf_value=-0.025228544300974865 -0.032405859869270137 -0.016242996875566244 0.050858155457966583 -0.026692435842300841 -0.037466682971812916 0.055551150600865462 -0.035791920197750578 0.060167836096395075 0.076367301245326383 0.1359781282723849 -0.015978615400415185 0.05796512812644905 0.047971040790404082 0.0611683522482004
leaf_weight=25.01915997825563 26.697713698726147 5.5940621136687687 43.42440267233178 32.773000263143331 30.496287100017071 650.6660418510437 26.545891564339399 1414.183296491392 17.597967583686117 25.061059868428856 5.4262690483592442 85.71886451728642 48.723775023594499 19.821570008993149
leaf_count=3248 640 397 33 2271 191 158 170 382 2 199 399 24 61 2
internal_value=0.0543506 0.0552191 0.016865 0.0560116 0.0465072 0.0499647 0.0318761 0.061276 0.0932988 0.106372 0.0556357 0.0442652 0.0296369 0.00757691
internal_weight=2457.75 2432.73 70.1221 2362.61 894.745 861.972 211.306 1467.86 53.6794 48.0853 23.0242 180.81 95.0912 46.3675
internal_count=8177 4929 673 4256 2877 606 448 1379 997 600 401 257 233 172
cat_boundaries=0 2 11
cat_threshold=8388608 6784 67141632 0 83976 140513288 67108864 269486080 67108864 3666919936 1
is_linear=0
shrinkage=0.03


Tree=22
num_leaves=15
num_cat=2
split_feature=4 48 3 25 44 48 20 31 27 17 23 0 27 41
split_gain=210.583 165.867 75.6014 282.189 141.281 55.3538 116.446 38.8006 91.2488 28.9422 83.5272 23.483 42.8578 2.57112
threshold=0 29.795779730153754 1 23554.363843351552 0.9223227752639519 208.66162273820734 201.50000000000003 0.010387844557910452 18.98555555555556 -0.84467970498744493 698325.29629629641 58889.000000000007 19.270694444444448 1.0000000180025095e-35
decision_type=9 2 9 2 2 2 2 2 2 2 2 2 2 2
left_child=-1 -2 7 4 -4 6 -5 8 -3 10 -7 12 -10 -11
right_child=1 2 3 5 -6 9 -8 -9 11 13 -12 -13 -14 -15
leaf_value=-0.024627234300646349 -0.024604380777849131 -0.015963063867097709 -0.036106856953409303 -0.030383813765460899 0.048169352117617546 -0.03421848759681928 0.059648273364345375 0.058475011865012964 0.072878769568093388 0.036306860615035352 0.052018662417818086 0.12301566236017807 -0.014632142208421952 0.0538147702036193
leaf_weight=28.438448685687035 21.745013960637152 5.396988834720104 54.14385686442256 22.318386948201805 20.843334708362818 12.255379820242522 19.938641894608736 1313.1156200226396 18.114690465852622 52.439463723450899 20.802051611244678 27.394653229042888 4.5547342761419705 610.22987629473209
leaf_count=989 2889 387 1411 690 7 174 4 373 3 545 3 205 344 165
internal_value=0.0520516 0.0529665 0.0540364 0.0431326 -0.0111348 0.0492651 0.0139135 0.0595852 0.0887157 0.0512976 0.0197527 0.100425 0.0558293 0.0527116
internal_weight=2231.73 2203.29 2181.55 812.971 74.9872 737.984 42.257 1368.58 55.4611 695.727 33.0574 50.0641 22.6694 662.669
internal_count=8189 7200 4311 2999 1418 1581 694 1312 939 887 177 552 347 710
cat_boundaries=0 2 11
cat_threshold=0 6784 67141632 0 136 677384200 0 269486080 67108864 3666919936 1
is_linear=0
shrinkage=0.03


Tree=23
num_leaves=12
num_cat=2
split_feature=4 48 3 29 48 21 23 21 24 41 12
split_gain=195.61 154.874 74.9894 223.544 85.7969 105.695 148.251 14.9663 134.556 21.3633 10.4641
threshold=0 29.795779730153754 1 1.0000000180025095e-35 928.70341317156533 12.500000000000002 -322583.33333333331 129.50000000000003 0.58546251600119092 0.044466403162055343 422021.57080425619
decision_type=9 2 9 2 2 2 2 2 2 2 2
left_child=-1 -2 10 -4 5 6 -5 8 -7 -10 -3
right_child=1 2 3 4 -6 7 -8 -9 9 -11 -12
leaf_value=-0.024991451636479929 -0.024500627214814566 0.056873852929828626 -0.027052851994239444 0.052680698611468645 0.052455110082207212 -0.033792091088816117 -0.038444318052875154 0.054136839682152542 0.027101023282738772 0.05642831398741207 0.07164019650924601
leaf_weight=26.92307944688946 21.242601788602769 1127.51308164699 36.470775911118835 20.738993510603905 583.16588361561298 19.67195534799248 37.848636250942945 64.532621569931507 57.866661093197763 65.995403569191694 131.57592681795359
leaf_count=981 2863 971 2586 2 133 155 229 26 85 31 70
internal_value=0.0502985 0.0511689 0.0522113 0.04225 0.0458593 0.0307344 -0.00458168 0.0405529 0.0328287 0.0443102 0.0582335
internal_weight=2193.55 2166.62 2145.38 886.291 849.82 266.654 58.5876 208.067 143.534 123.862 1259.09
internal_count=8132 7151 4288 3247 661 528 231 297 271 116 1041
cat_boundaries=0 2 11
cat_threshold=0 2177 67141632 524288 83976 4194312 0 1050624 524288 2594226688 1
is_linear=0
shrinkage=0.03


Tree=24
num_leaves=12
num_cat=3
split_feature=4 48 3 48 3 20 13 31 24 23 23
split_gain=187.2 146.761 94.1911 218.784 310.266 27.035 211.956 23.2593 153.676 3.85977 8.50057
threshold=0 29.795779730153754 1 534.60968340381487 2 21.500000000000004 9384595316.7112331 0.010387844557910452 1.7241378418549416 166102.00000000003 -322583.33333333331
decision_type=9 2 9 2 9 2 2 2 2 2 2
left_child=-1 -2 7 4 -4 6 9 8 -3 10 -5
right_child=1 2 3 5 -6 -7 -8 -9 -10 -11 -12
leaf_value=-0.024721655054722583 -0.024436818854593804 -0.020379135073907546 0.047926757824694938 0.047977919048229005 -0.032968457895496135 0.05223211323047592 -0.03970875908061279 0.055090052507308168 0.099273395451127261 0.05367700989524659 0.018590242399221624
leaf_weight=27.001714083831757 21.004351498093456 9.8758611571975035 64.829874894581735 20.715963363647461 77.106677619274706 383.24050668627024 25.094659683294594 1298.3998145014048 50.015043553430587 105.26074084453285 30.419929787982255
leaf_count=885 2929 720 129 1 2132 210 344 416 260 24 131
internal_value=0.0486187 0.0495063 0.0505548 0.0383607 0.0053722 0.0472052 0.0354746 0.0560426 0.079493 0.0483946 0.0337086
internal_weight=2112.97 2085.96 2064.96 706.668 141.937 564.732 181.491 1358.29 59.8909 156.397 51.1359
internal_count=8181 7296 4367 2971 2261 710 500 1396 980 156 132
cat_boundaries=0 2 10 18
cat_threshold=16777216 3712 67141632 0 81928 138416136 0 269518848 67633152 3667968512 0 0 0 538968064 0 0 0 536870912
is_linear=0
shrinkage=0.03


Tree=25
num_leaves=15
num_cat=2
split_feature=4 30 3 12 0 16 23 24 16 16 16 16 16 26
split_gain=210.055 127.144 140.84 14.8378 12.5354 31.6755 4.50216 31.6793 57.995 8.49966 5.28974 12.832 11.7261 3.06697
threshold=0 1.2424533248940004 1 352654.29840021324 135100.00000000003 470071.95220462192 -40024.999999999993 0.10375985591036115 300544.01987264591 47032.782558546314 52987.046329493001 113535.4605730984 75019.824333769589 0.94666557278260599
decision_type=9 2 9 2 2 2 2 2 2 2 2 2 2 2
left_child=-1 3 -3 4 5 6 7 -2 -9 -8 -11 12 -12 -5
right_child=1 2 -4 13 -6 -7 9 8 -10 10 11 -13 -14 -15
leaf_value=-0.025587162062375737 0.046879991494337352 0.055316714578449562 -0.022737464225981573 0.04766601738771916 0.0523001093133071 0.014049806017253851 0.030090613637580883 -0.031859494081361774 0.03701397969525215 0.058679437799248273 0.042738855252520233 0.049436312266558348 0.021955586047454095 0.063963715400206761
leaf_weight=29.988179222680628 66.766079140361398 17.255110393278301 44.598363106139004 113.04446011641994 983.8100197724998 33.60276582185179 53.660295538604259 13.504744459874926 22.801256465725601 124.77437367476523 92.421011633239686 436.8390216990374 59.056735799647868 198.14394742809236
leaf_count=1099 166 33 5197 124 196 143 167 108 26 35 144 516 199 63
internal_value=0.0482527 0.0491825 0.00641898 0.0505916 0.0490712 0.0452865 0.046406 0.0351976 0.0106397 0.0476749 0.0487794 0.0462029 0.0355965 0.0588907
internal_weight=2290.27 2260.28 61.8535 2198.42 1887.24 903.426 869.824 103.072 36.306 766.751 713.091 588.317 151.478 311.188
internal_count=8216 7117 5230 1887 1700 1504 1361 300 134 1061 894 859 343 187
cat_boundaries=0 2 6
cat_threshold=0 2689 0 0 0 4194304
is_linear=0
shrinkage=0.03


Tree=26
num_leaves=15
num_cat=0
split_feature=48 31 21 41 9 13 13 6 27 27 25 21 25 13
split_gain=146.764 32.2325 135.694 23.3398 58.1725 67.4095 121.115 15.16 48.7678 88.5072 13.6897 5.18118 1.76771 1.09487
threshold=29.795779730153754 0.0088443091267063675 106.50000000000001 0.087121212121212141 0.54385382059800691 8468802767.9731255 89594252186.029434 42.500000000000007 18.98555555555556 1.9431944444444447 161451.75743750003 117.50000000000001 44878.591534391548 148578763976.61655
decision_type=2 2 2 2 2 2 2 2 2 2 2 2 2 2
left_child=-1 2 -2 7 5 10 -7 13 9 -9 -5 -10 -6 -3
right_child=1 3 -4 4 12 6 -8 8 11 -11 -12 -13 -14 -15
leaf_value=-0.024692467669719043 -0.02525497310452797 0.052099777893103015 0.071194703843956694 0.023813169581402515 0.039616354541036819 -0.041322257211505689 0.042168789446642693 0.036674471942100155 0.043337472332222182 -0.033627962535686146 0.048035805816123475 0.054569231382395507 0.053877318615565932 0.066231040685101356
leaf_weight=22.200608765240759 24.786590517032892 1114.9339836044237 19.085681051015854 56.720100305974483 98.895898661576211 28.042760371230543 24.695183642208576 71.602800970897079 289.69304887065664 16.203284395858645 65.723945990204811 228.66918089240789 188.55670528300107 76.197457553818822
leaf_count=3214 2722 866 245 97 103 147 24 139 276 182 20 47 48 41
internal_value=0.0475905 0.048339 0.0196945 0.0488504 0.0412676 0.0263836 -0.00196044 0.0506824 0.0451901 0.0225884 0.0381896 0.0487662 0.0497321 0.0532768
internal_weight=2326.01 2303.81 43.8723 2259.93 462.635 175.182 52.7379 1797.3 606.168 87.8061 122.444 518.362 287.453 1191.13
internal_count=8171 4957 2967 1990 439 288 171 1551 644 321 117 323 151 907
is_linear=0
shrinkage=0.03


Tree=27
num_leaves=18
num_cat=1
split_feature=28 3 41 10 11 25 24 24 42 16 48 13 12 12 11 48 48
split_gain=142.805 136.009 20.6699 134.451 125.561 28.6945 26.8155 83.3062 18.3186 75.9674 61.5853 8.67904 39.5957 8.09232 4.2602 1.37694 67.2234
threshold=2.5000000000000004 0 0.087121212121212141 0.19744964262508116 897810.00000000012 27149.510416666668 0.32436417379866994 5.268823913047143 0.026906370656370662 91306.157607065878 1738.4874303606659 647297216.61289001 256475.43476020184 89744.560605620485 334665.00000000006 183.56236205310574 108.51533851220078
decision_type=2 9 2 2 2 2 2 2 2 2 2 2 2 2 2 2 2
left_child=2 -2 8 4 -4 6 -5 -8 14 10 -10 -7 13 -13 15 16 -1
right_child=1 -3 3 5 -6 11 7 -9 9 -11 -12 12 -14 -15 -16 -17 -18
leaf_value=-0.023294364238777555 0.051358886636572953 -0.023303539742413115 -0.040081766369333895 0.046688798745089612 0.046515561545272019 0.053626364018141692 -0.034886881841516608 0.043397062648848718 -0.03373522893134899 0.046083995192556126 0.032463728014445352 0.030065595397853678 0.050680930391356217 0.0073917701902983914 0.064764258815359424 0.050752493567446433 0.04711458873760678
leaf_weight=10.861318655777721 18.373750387690961 49.442141992971301 31.475322955287993 21.720180629286915 20.715668214485049 246.50792613998055 18.497705833986402 20.664348617196083 18.462816201616079 288.29336536303163 22.462304091081023 24.72586053237319 106.46777006145567 35.698768789879978 76.609484523534775 1237.2091407887638 94.577273546718061
leaf_count=427 39 6021 193 31 2 46 111 2 216 268 18 31 30 101 63 482 108
internal_value=0.0460387 0.00291569 0.047315 0.0406549 -0.00464788 0.0456366 0.0233982 0.0066572 0.0491987 0.0407402 0.00217757 0.048593 0.0398147 0.0182586 0.0510109 0.0499888 0.0391354
internal_weight=2342.77 67.8159 2274.95 526.474 52.191 474.283 60.8822 39.1621 1748.48 329.218 40.9251 413.4 166.892 60.4246 1419.26 1342.65 105.439
internal_count=8189 6060 2129 547 195 352 144 113 1582 502 234 208 162 132 1080 1017 535
cat_boundaries=0 4
cat_threshold=0 0 0 4194304
is_linear=0
shrinkage=0.03


Tree=28
num_leaves=11
num_cat=1
split_feature=29 3 41 10 25 48 41 41 41 41
split_gain=166.266 279.731 11.0274 164.207 119.353 3.34033 16.7761 48.0193 8.33934 11.2467
threshold=1.0000000180025095e-35 0 0.41666666666666669 0.55409356725146208 795833.33333333337 928.70341317156533 0.01739261947973382 0.032795698924731186 0.080128205128205135 0.18333333333333338
decision_type=2 9 2 2 2 2 2 2 2 2
left_child=1 -1 5 4 -4 6 -2 -8 -9 -10
right_child=2 -3 3 -5 -6 -7 7 8 9 -11
leaf_value=0.06158605602521857 0.049056391802614931 -0.025556258362935052 -0.041275734270064361 0.052318323894442992 0.042917769429759084 0.049118227834294523 0.0049986474288185026 0.045647763329891289 0.014429722610674689 0.037837819929178881
leaf_weight=38.152595440857112 351.60566341085359 74.474170353263617 32.817500012926757 149.76779304724187 20.404348373413086 1190.1112558543682 38.504008940421045 206.47940891515464 36.228904816322029 72.13871345622465
leaf_count=48 194 6869 217 60 1 165 156 198 123 94
internal_value=0.0443175 0.00838953 0.0462216 0.0366679 -0.00808369 0.0471458 0.0434935 0.0373508 0.0411673 0.0309937
internal_weight=2210.68 112.627 2098.06 202.99 53.2218 1895.07 704.957 353.351 314.847 108.368
internal_count=8125 6917 1208 278 218 930 765 571 415 217
cat_boundaries=0 7
cat_threshold=0 0 0 4194304 0 0 67108864
is_linear=0
shrinkage=0.03


Tree=29
num_leaves=13
num_cat=1
split_feature=31 3 41 47 47 24 13 26 13 26 47 24
split_gain=159.312 266.72 22.2389 28.9426 83.0834 91.0529 42.7456 85.5937 93.0149 13.9621 26.1958 12.1218
threshold=0.011381464472145367 0 0.01739261947973382 85221.000000000015 39995.000000000007 0.60610649817502704 1466481065.5064936 0.67691421719160394 124437509264.34785 0.52680957234107983 9900.0000000000018 0.058781896192958934
decision_type=2 9 2 2 2 2 2 2 2 2 2 2
left_child=1 -1 -2 4 6 -6 11 9 -9 10 -8 -4
right_child=2 -3 3 -5 5 -7 7 8 -10 -11 -12 -13
leaf_value=0.059222374973817736 0.048896630510726929 -0.025525872779495178 0.060663941859881207 0.045482944251008316 0.033747612431445369 -0.041049436376255688 0.047163494499459668 -0.036286989920347117 0.03817415692762683 0.047223381326393435 0.0073138142783767818 0.038079949494429298
leaf_weight=39.036431103013456 951.21820503938943 73.855583862401545 80.583375913091004 673.42178221046925 25.322953328490257 23.355983480811119 22.080085645895451 30.336987307760864 21.421421244740486 91.069691482465714 37.889966040849686 91.267301278654486
leaf_count=50 247 6901 18 170 20 108 27 363 10 62 85 105
internal_value=0.0429924 0.00790596 0.0449025 0.0412322 0.0340183 -0.00262058 0.0387506 0.0281714 -0.00482144 0.0392696 0.0244864 0.0500856
internal_weight=2160.86 112.892 2047.97 1096.75 423.328 48.6789 374.649 202.798 51.7584 151.04 59.9701 171.851
internal_count=8166 6951 1215 968 798 128 670 547 373 174 112 123
cat_boundaries=0 7
cat_threshold=0 0 0 4194304 0 0 67108864
is_linear=0
shrinkage=0.03


Tree=30
num_leaves=20
num_cat=1
split_feature=48 41 16 16 48 4 11 6 13 13 27 27 23 27 48 27 27 27 27
split_gain=160.665 56.0767 160.461 124.314 21.1277 187.771 68.1657 34.1534 20.0762 80.2749 17.8992 119.102 12.8025 9.03435 8.83832 3.45355 2.21693 4.91823 50.0403
threshold=47.886069415063226 0.41666666666666669 43327.037009270556 52987.046329493001 928.70341317156533 0 144012.36842105267 17.500000000000004 45521142806.684502 148578763976.61655 18.98555555555556 0.66388888888888908 -38263.00970873786 879.11638888888899 542.99070085860183 22.048472222222227 72.42291666666668 33.397361111111117 34.567222222222235
decision_type=2 2 2 2 2 9 2 2 2 2 2 2 2 2 2 2 2 2 2
left_child=-1 4 -3 -4 5 6 -2 -8 10 -10 11 12 -7 -6 15 -12 17 -17 -19
right_child=1 2 3 -5 13 8 7 -9 9 -11 14 -13 -14 -15 -16 16 -18 18 -20
leaf_value=-0.025670469153816738 -0.036177219890902952 0.046798384592919802 0.040466502977586173 -0.043261893431293039 0.046349702529005714 0.053090359535711833 -0.024114603442656493 0.039572428362259951 -0.0316445561923255 0.043293785838493658 0.062196907356375321 -0.033137500590610797 0.022331913456114953 0.060964966875207374 0.029976750526248722 0.042263164544852426 0.049980233895936699 0.043930287551341221 -0.027223565721964556
leaf_weight=27.631061012856662 36.68086895858869 104.88229715824127 20.396088480949402 38.83798073977232 1179.9890859527513 64.612071982584894 6.9114245167002109 20.353569291997701 13.642825310118495 41.761868941597641 80.630781171377748 17.362125036772341 28.283555208705366 93.596780559513718 47.501845722086728 67.552445663139224 303.23453034088016 20.606435952708129 9.5255823391489667
leaf_count=3964 786 23 3 198 666 33 187 13 332 53 65 480 188 17 154 191 467 8 274
internal_value=0.0425361 0.0434505 0.0252695 -0.0135259 0.0448531 0.0398632 -0.0100301 0.0221932 0.0440089 0.0237491 0.0462498 0.0320845 0.0453444 0.047658 0.0488739 0.0504108 0.0473035 0.0369652 0.0207634
internal_weight=2223.99 2196.36 164.116 59.2341 2032.25 758.66 63.9459 27.265 694.714 55.4047 639.309 110.258 92.8956 1273.59 529.052 481.55 400.919 97.6845 30.132
internal_count=8102 4138 224 201 3914 3231 986 200 2245 385 1860 701 221 683 1159 1005 940 473 282
cat_boundaries=0 2
cat_threshold=7 6816
is_linear=0
shrinkage=0.03


Tree=31
num_leaves=12
num_cat=2
split_feature=29 3 3 48 20 26 25 41 0 0 20
split_gain=240.185 136.01 32.2828 121.286 119.52 48.7738 113.54 13.3222 12.3582 57.9851 3.64121
threshold=1.0000000180025095e-35 0 1 183.56236205310574 201.50000000000003 0.46297365856952544 23554.363843351552 0.026671408250355622 20003.000000000004 167500.00000000003 1.5000000000000002
decision_type=2 9 9 2 2 2 2 2 2 2 2
left_child=1 -1 -2 4 -4 6 -5 -7 -9 10 -10
right_child=2 -3 3 5 -6 7 -8 8 9 -11 -12
leaf_value=0.044884992263257574 0.047567679059022629 -0.02537064293895077 -0.035367739519088982 -0.035523360013977955 0.046154764013656507 0.045614474314799161 0.039845032932801172 0.045541263130536788 0.0129467992909623 0.03971913639557615 -0.00044308551086814571
leaf_weight=20.150395798496902 1224.213306138292 71.092362556606531 38.2473861486651 23.369310304522514 20.914458855055273 406.23249135911465 45.309531942009926 89.987562134861946 29.543855160474777 148.41033284366131 38.141488060355186
leaf_count=39 307 6849 493 120 4 75 20 45 43 51 79
internal_value=0.041011 -0.0063017 0.0431123 0.0353956 -0.00519758 0.0389344 0.0135291 0.0412726 0.0348694 0.029496 0.00589
internal_weight=2155.61 91.2428 2064.37 840.156 59.1618 780.995 68.6788 712.316 306.083 216.096 67.6853
internal_count=8125 6888 1237 930 497 433 140 293 218 173 122
cat_boundaries=0 4 13
cat_threshold=0 0 0 4194304 67141632 524288 18560 134217736 0 268470272 0 2325791232 1
is_linear=0
shrinkage=0.03


Tree=32
num_leaves=12
num_cat=2
split_feature=3 25 3 29 0 16 13 15 42 42 0
split_gain=125.44 259.002 157.39 112.492 25.8703 148.369 12.548 9.19227 9.99798 36.5253 5.06164
threshold=0 27436.080061519911 1 1.0000000180025095e-35 49894.000000000007 72630.825657314679 178459768050.37436 0.27687378660181733 0.053631351869606908 0.055728088336783992 5477.0000000000009
decision_type=9 2 9 2 2 2 2 2 2 2 2
left_child=6 2 -2 -3 5 -5 7 8 -1 -10 -9
right_child=1 3 -4 4 -6 -7 -8 10 9 -11 -12
leaf_value=0.043900949649837782 0.030566649133602786 -0.025164146671803989 -0.032752282045173595 0.044979369877425422 0.041905061189190761 -0.035461349848339992 0.066377680152955379 0.065483041436652067 0.038263052053719666 -0.026085004009981507 0.048233451686388942
leaf_weight=834.82519485102966 43.439714705571532 21.922263749875128 77.686558905988932 66.828121812082827 580.97072948515415 24.696919697336853 52.991620081011206 61.092497573699802 20.633746637962762 7.3942268723621956 482.45897987904027
leaf_count=1451 227 1635 3588 55 171 221 41 250 25 256 286
internal_value=0.0412387 0.0298671 -0.00990587 0.0372529 0.0394583 0.0225609 0.0469452 0.046313 0.0432408 0.019908 0.0507514
internal_weight=2274.94 815.544 121.126 694.418 672.496 91.525 1459.4 1406.4 862.853 28.028 543.551
internal_count=8206 5897 3815 2082 447 276 2309 2268 1732 281 536
cat_boundaries=0 9 17
cat_threshold=67141632 524288 82056 677384200 67108864 269518848 67633152 2594226688 1 0 0 0 0 0 0 0 1310720
is_linear=0
shrinkage=0.03


Tree=33
num_leaves=15
num_cat=2
split_feature=3 3 23 48 26 14 17 21 42 13 13 27 27 41
split_gain=116.945 256.526 270.431 105.262 69.8934 67.2567 20.741 16.5193 13.8761 103.118 8.35714 2.39436 28.0346 0.125651
threshold=0 1 -27170.275882364007 208.66162273820734 0.73076017796193338 187569.44793187882 -0.10823536143129128 21.500000000000004 0.041522988505747128 6129525354.6700144 178459768050.37436 1703.130277777778 238.64222222222227 0.004890238653211536
decision_type=9 9 2 2 2 2 2 2 2 2 2 2 2 2
left_child=8 4 3 -3 5 -2 -5 11 10 -10 -1 12 -6 -4
right_child=1 2 13 6 7 -7 -8 -9 9 -11 -12 -13 -14 -15
leaf_value=0.046648470679320805 -0.033741519964541312 -0.029524071728990259 -0.025456133366804811 0.016063562585765887 -0.027172132960301586 0.036102031552532429 0.050375537741172274 0.045277946452429559 -0.033601413618198045 0.042540980857709416 0.065108441287295316 0.030718268207875227 0.0292576927225595 -0.045771650098968213
leaf_weight=1281.9163716239855 19.55174127034843 19.566333271563053 24.505767078138888 28.615476062055677 6.9678959418088224 20.100199400447309 65.255374312400818 449.4199995547533 14.143528647720812 150.56358857266605 52.692767502740026 21.015487911179662 20.584566753357649 56.895664801821113
leaf_count=1901 690 711 2529 129 198 33 41 567 353 554 36 19 35 393
internal_value=0.0408659 0.0289575 -0.00109766 0.0283174 0.0395836 0.00174136 0.0412572 0.0433364 0.0460693 0.0352052 0.0476176 0.0228215 0.0130052 -0.0414828
internal_weight=2231.79 732.479 194.839 113.437 537.64 39.6519 93.8709 497.988 1499.32 164.707 1334.61 48.568 27.5525 81.4014
internal_count=8189 5345 3803 881 1542 723 170 819 2844 907 1937 252 233 2922
cat_boundaries=0 9 17
cat_threshold=75530240 524288 136 677386248 69206016 1083392 67108866 3399533056 1 196608 272629760 1130496 1081344 4210816 402669632 128 806748320
is_linear=0
shrinkage=0.03


Tree=34
num_leaves=13
num_cat=3
split_feature=4 3 3 29 11 25 12 27 13 41 17 17
split_gain=105.318 69.7407 189.962 162.04 59.2759 52.2823 65.5415 74.1662 8.89348 0.182313 21.9223 0.994429
threshold=0 1 2 1.0000000180025095e-35 137169.23076923078 27149.510416666668 352654.29840021324 1703.130277777778 178459768050.37436 0.069047619047619066 -1.0000000180025095e-35 -0.77553772011956024
decision_type=9 9 9 2 2 2 2 2 2 2 2 2
left_child=4 8 -3 -4 -1 6 7 -5 -2 -7 11 -11
right_child=1 2 3 5 -6 9 -8 -9 -10 10 -12 -13
leaf_value=-0.03385324586029486 0.0453786056692949 -0.029931828224540408 -0.026583874341463223 -0.037551599146977872 0.026106796805545316 0.043563359911147945 0.041502947270878894 0.028624763591301002 0.063798281735198206 0.028414407850836276 0.045645099742348406 0.016973160438387307
leaf_weight=26.64829692710191 1367.5576190878637 34.30613833386451 32.832494264934212 27.173906177747995 23.109850010834634 450.97858776152134 43.277144135907292 24.130666673183441 52.343334497883916 47.032072790898383 104.72541316412389 51.335751709528267
leaf_count=1037 1979 930 3533 218 124 101 19 25 31 50 42 93
internal_value=0.0401931 0.0410531 0.0318429 0.0350673 -0.00521231 0.0383948 0.0163616 -0.00664818 0.0459566 0.0414326 0.035768 0.0235533
internal_weight=2285.45 2235.69 815.792 781.486 49.7581 748.654 94.5817 51.3046 1419.9 654.072 203.093 98.3678
internal_count=8182 7021 5011 4081 1161 548 262 243 2010 286 185 143
cat_boundaries=0 2 11 20
cat_threshold=1073741824 3712 67141632 524288 67720 140515336 67108866 1081344 67633152 2595275264 1 0 3221225472 1024 8388608 8 2147811328 8389665 1024 2
is_linear=0
shrinkage=0.03


Tree=35
num_leaves=16
num_cat=2
split_feature=28 20 20 3 25 3 23 0 23 47 9 27 27 16 12
split_gain=76.0757 93.1112 39.7013 38.5854 122.729 155.52 36.5571 67.831 19.1851 7.68943 23.0004 4.03907 19.6476 47.9744 1.39124
threshold=3.5000000000000004 106.50000000000001 107.50000000000001 0 23554.363843351552 1 -30116.842220481598 17770.000000000004 -322583.33333333331 9900.0000000000018 0.5973508047286713 19.614027777777782 18.98555555555556 743556.82162642491 422021.57080425619
decision_type=2 2 2 9 2 9 2 2 2 2 2 2 2 2 2
left_child=3 -2 -3 9 5 -5 7 -6 -9 10 -1 12 13 -8 -12
right_child=1 2 -4 4 6 -7 11 8 -10 -11 14 -13 -14 -15 -16
leaf_value=0.042484778048484113 -0.026347275199183433 0.060865843070782466 -0.016022833954832009 0.036379227562255367 -0.029378699141787864 -0.031350974072216632 -0.034540174435889318 0.04340158987002684 0.011356641278782007 0.042298237460093216 0.050382933760583837 0.040958023168028677 0.040585051061474128 0.033486676478884897 0.073975004194736391
leaf_weight=241.66434410354123 33.261519762687385 19.826109875924889 5.6444601775147012 41.95602598413825 17.629319197032601 50.716085503343493 10.669310496654363 39.975694702938199 34.395874187350273 943.96386177837849 85.830156027339399 524.86681826179847 37.486215591430664 18.353355333209038 52.440165138803422
leaf_count=373 4772 14 906 13 334 758 129 5 127 261 127 292 2 10 23
internal_value=0.039373 0.00521591 0.0439935 0.0403137 0.0321267 0.000120331 0.0369013 0.0178823 0.0302302 0.044398 0.0501511 0.0396854 0.0274807 0.0070778 0.0615998
internal_weight=2158.68 58.7321 25.4706 2099.95 776.049 92.6721 683.377 92.0009 74.3716 1323.9 379.935 591.376 66.5089 29.0227 138.27
internal_count=8146 5692 920 2454 1670 771 899 466 132 784 523 433 141 139 150
cat_boundaries=0 9 15
cat_threshold=68190208 524288 65672 136318984 67108864 1081344 67633152 3666919424 1 0 0 0 536870912 0 2048
is_linear=0
shrinkage=0.03


Tree=36
num_leaves=14
num_cat=2
split_feature=4 26 29 3 48 13 25 13 18 26 41 25 18
split_gain=185.866 92.4941 89.7992 185.445 11.1419 27.2539 24.6516 65.0151 106.255 13.8253 45.4921 68.7512 8.17016
threshold=0 7.8062497591712203 1.0000000180025095e-35 1 928.70341317156533 7635757016.3101606 2502.4576271186447 124437509264.34785 9.6191941951523408 0.94518715332636039 0.01739261947973382 14319.702797202799 8.9629005272353854
decision_type=9 2 2 9 2 2 2 2 2 2 2 2 2
left_child=1 -1 3 -2 5 9 -7 8 12 10 -4 -12 -8
right_child=2 -3 4 -5 -6 6 7 -9 -10 -11 11 -13 -14
leaf_value=-0.036878280426834269 0.048628170183982015 0.032788451091999134 0.041555347641979823 -0.024269233486323642 0.042480123972673978 0.044172933710342532 0.036554933821504855 0.040011118916532071 -0.042955535116764532 0.04595885229853551 0.027959334811430304 -0.036338622615949195 0.011223425632585753
leaf_weight=45.288113427348435 42.456563469953835 21.45179732516408 149.11671663494781 56.250181639101356 1177.0642230808735 43.021912147291005 22.884723146911711 60.745352485217154 28.175546810030937 237.18761334288865 48.456817441154271 16.027905392460525 30.779276356101036
leaf_count=1532 51 27 96 5646 189 19 115 22 130 98 77 107 60
internal_value=0.0369498 -0.0120776 0.03855 0.0102676 0.0402689 0.0358798 0.024908 0.0177956 -4.81706e-05 0.0400745 0.0326387 0.010513 0.0242208
internal_weight=1978.91 66.7399 1912.17 98.7067 1813.46 636.396 185.607 142.585 81.8395 450.789 213.601 64.4847 53.664
internal_count=8169 1559 6610 5697 913 724 346 327 305 378 280 184 175
cat_boundaries=0 2 9
cat_threshold=16777219 3712 0 0 0 4194304 0 0 67108864
is_linear=0
shrinkage=0.03


Tree=37
num_leaves=11
num_cat=2
split_feature=3 48 4 0 29 11 48 24 24 20
split_gain=143.517 115.079 43.8276 91.1863 28.8577 154.352 21.3867 65.0517 88.534 1.74656
threshold=0 47.886069415063226 1 199995.00000000003 1.0000000180025095e-35 32428.651685393263 183.56236205310574 0.056068228412213615 1.2396760877301649 37.500000000000007
decision_type=9 2 9 2 2 2 2 2 2 2
left_child=-1 -2 3 -3 5 -4 7 -6 -9 -8
right_child=1 2 4 -5 6 -7 9 8 -10 -11
leaf_value=-0.026620872774371845 -0.02497902885882794 -0.034930691870503842 0.053216131786609437 0.03374759003590385 0.044710711343440249 -0.027019232106753867 0.038203000421530846 -0.035463655497021192 0.037260958617067935 0.043083335879535299
leaf_weight=25.803269386757165 23.329863168764859 23.055744516663253 45.074651265051216 41.294772723689675 59.66161771863699 33.769097470212728 848.99398668855429 26.460121987387538 23.911958947777748 792.52489776909351
leaf_count=804 3651 471 245 49 12 2296 343 185 15 122
internal_value=0.036043 0.0368996 0.0379195 0.00733871 0.0387207 0.0192891 0.0397585 0.0247985 -0.000693556 0.0406829
internal_weight=1943.88 1918.08 1894.75 64.3505 1830.4 78.8437 1751.55 110.034 50.3721 1641.52
internal_count=8193 7389 3738 520 3218 2541 677 212 200 465
cat_boundaries=0 9 11
cat_threshold=0 0 8 0 8 262144 1024 536870912 2 3 128
is_linear=0
shrinkage=0.03


Tree=38
num_leaves=15
num_cat=2
split_feature=4 48 11 3 29 48 9 27 0 0 12 0 42 42
split_gain=94.7659 81.9776 55.9898 28.9359 115.919 36.3539 74.205 32.2586 105.037 19.0995 10.9671 1.84932 0.215275 7.72097
threshold=0 29.795779730153754 137169.23076923078 1 1.0000000180025095e-35 1131.6746340833167 -0.4155844155844155 28.00513888888889 55050.000000000007 20003.000000000004 422021.57080425619 14973.109900000001 0.030135617848277535 0.085188850404090397
decision_type=9 2 2 9 2 2 2 2 2 2 2 2 2 2
left_child=2 -2 -1 10 -5 6 -6 8 -8 11 12 -9 -3 -14
right_child=1 3 -4 4 5 -7 7 9 -10 -11 -12 -13 13 -15
leaf_value=-0.034163782741137037 -0.023118437580388087 0.042593269783986268 0.025268436538653606 -0.025905848009406835 -0.032614421018321078 0.039529913372951725 -0.036614456679943813 0.027959080306254824 0.036491698498841901 0.016232471691091165 0.054382259911681038 0.043751078319200089 0.020337619447800749 0.039237953243479486
leaf_weight=25.891490837559104 16.20636835694313 1053.8010918120854 21.741161121055484 26.678512982092798 14.993021688424049 457.90921954810619 23.680509274825454 51.19754711445421 41.664297744631767 51.866237506270409 126.14260069234297 104.67195130884647 45.218619642779231 121.98680937848985
leaf_count=1040 2799 876 129 2242 97 109 157 112 15 74 80 37 239 178
internal_value=0.0375278 0.0383608 -0.00606174 0.0390647 0.0314493 0.034078 0.0248854 0.028572 0.00927912 0.03428 0.0427513 0.0395942 0.0416815 0.0348655
internal_weight=2183.65 2136.02 47.6327 2119.81 772.661 745.983 288.074 273.081 65.3448 207.736 1347.15 155.869 1221.01 167.205
internal_count=8184 7015 1169 4216 2843 601 492 395 172 223 1373 149 1293 417
cat_boundaries=0 2 11
cat_threshold=1073741824 3712 67141632 524288 83976 4196360 0 269516864 67633152 3667968000 1
is_linear=0
shrinkage=0.03


Tree=39
num_leaves=16
num_cat=5
split_feature=4 3 3 25 15 3 4 0 13 12 23 15 15 15 15
split_gain=85.5487 84.4365 207.875 118.277 74.7384 60.4109 19.3286 78.826 19.1335 13.2117 50.6798 8.79579 7.85674 5.81827 0.576081
threshold=0 1 2 23554.363843351552 -0.057105982536890892 3 4 98993.470000000016 178459768050.37436 81894.781992300777 23827.188775510207 0.17135354585357557 0.14980916969015154 0.34410578451712687 0.47324851322920453
decision_type=9 9 9 2 2 9 9 2 2 2 2 2 2 2 2
left_child=4 8 -3 5 -1 -4 13 -8 11 -9 -11 12 -2 -5 -15
right_child=1 2 3 6 -6 -7 7 9 -10 10 -12 -13 -14 14 -16
leaf_value=0.034052952563746713 0.036643134032638913 -0.032623453763109676 0.024363906692594851 0.041623106696532422 -0.034172032544883796 -0.027256619674482136 -0.033126232314446009 0.038006357624211978 0.067665371652468886 0.035095775400803393 -0.037088398372110289 0.043238526670851818 0.014182476915253983 0.014594357507869362 0.030019744223382796
leaf_weight=20.120188393164426 347.07786531327292 40.783152529969811 20.083352176472545 359.24634799920022 29.206777864601463 37.030740155372769 17.975440818816423 55.539518863894045 33.163208745419979 19.758840497583154 8.7708703856915218 935.61516868090257 23.417627510149032 23.47611189680174 19.266888196114451
leaf_count=38 848 1101 8 564 1087 2094 583 35 37 17 173 1244 143 138 34
internal_value=0.0361126 0.0369988 0.0256428 0.0306166 -0.00487352 -0.00907064 0.0357601 0.0162159 0.0417622 0.0298541 0.0106828 0.0411675 0.0354312 0.0391021 0.0239632
internal_weight=1990.53 1941.21 601.931 561.148 49.327 57.1141 504.034 102.045 1339.27 84.0692 28.5297 1306.11 370.495 401.989 42.743
internal_count=8144 7019 4747 3646 1125 2102 1544 808 2272 225 190 2235 991 736 172
cat_boundaries=0 2 11 20 24 26
cat_threshold=0 7808 68157440 524288 16520 136314888 2 268468288 67633152 3667182080 1 0 3221225472 1074275328 8388608 8 2147747840 8393777 1024 2 0 0 0 536870912 44 32768
is_linear=0
shrinkage=0.03


Tree=40
num_leaves=10
num_cat=0
split_feature=29 8 11 41 6 24 25 20 26
split_gain=113.086 164.245 47.16 16.1333 43.741 163.679 10.8218 26.9631 72.2667
threshold=1.0000000180025095e-35 1.0000000180025095e-35 32428.651685393263 0.006734083076364957 42.500000000000007 1.4178559387322027 15551.272123305875 20.500000000000004 1.1351161201184796
decision_type=2 2 2 2 2 2 2 2 2
left_child=1 2 -1 -2 6 -6 7 8 -5
right_child=3 -3 -4 4 5 -7 -8 -9 -10
leaf_value=0.053533802842236348 0.043180859885262809 -0.02835119883732623 -0.018277870999867024 -0.033281120501416322 -0.037611882567785845 0.032163003458672013 0.038594655204070315 0.036809188061511344 0.038467612937926235
leaf_weight=43.576898590661585 431.22253860719502 57.411197357112542 7.334019746631383 18.700130876153708 30.854793143458664 212.36755668651313 1121.6599505320191 68.217580734752119 22.185855597257614
leaf_count=303 49 5878 837 135 322 113 537 74 9
internal_value=0.0354316 0.00534436 0.0424795 0.0371238 0.0352118 0.0227321 0.0375761 0.025872 0.00560101
internal_weight=2013.53 108.322 50.9109 1905.21 1473.99 243.222 1230.76 109.104 40.886
internal_count=8257 7018 1140 1239 1190 435 755 218 144
is_linear=0
shrinkage=0.03


Tree=41
num_leaves=14
num_cat=4
split_feature=3 48 3 4 3 48 24 13 26 18 27 26 18
split_gain=127.611 73.0546 41.812 109.593 312.907 21.8109 65.8441 12.0204 10.4352 5.67304 5.2501 35.7272 1.5403
threshold=0 29.795779730153754 1 2 3 208.66162273820734 1.2396760877301649 178459768050.37436 0.52680957234107983 8.9231914107713219 0.070972222222222228 0.46297365856952544 9.2611267319805943
decision_type=9 2 9 9 9 2 2 2 2 2 2 2 2
left_child=-1 -2 7 5 -5 6 -4 9 10 -3 -7 -12 -11
right_child=1 2 3 4 -6 8 -8 -9 -10 12 11 -13 -14
leaf_value=-0.025202397973695043 -0.022906737593279249 0.048986254687853559 -0.028553786916006661 0.034781299844354616 -0.037760939106786823 0.032130267979411445 0.042473691168918352 0.059540788547411995 0.039600310664528321 0.025267446673892958 -0.027883521111785364 0.03162528094830977 0.039282897506143548
leaf_weight=24.688560695620254 15.586157219018785 141.24774046242237 16.259313584305346 128.31148059619591 71.182183802127838 17.772479435428977 21.947604534216225 49.843375611584634 460.6485400092788 42.480384172406048 9.971843739505859 18.879965525120497 931.5988480350934
leaf_count=961 2787 134 611 120 1667 11 134 21 339 149 175 18 1015
internal_value=0.0351468 0.0359283 0.0366545 0.028655 0.00806662 0.0357672 0.0124408 0.0410293 0.0380837 0.0403062 0.0207156 0.0099771 0.0388038
internal_weight=1950.42 1925.73 1910.14 744.973 199.494 545.48 38.2069 1165.17 507.273 1115.33 46.6243 28.8518 974.079
internal_count=8142 7181 4394 3075 1787 1288 745 1319 543 1298 204 193 1164
cat_boundaries=0 9 18 20 24
cat_threshold=0 0 0 0 8 16384 1025 536870912 2 32768 0 65672 138416136 83886080 269518912 67633152 2592129536 1 1073741868 102400 75563008 524288 18432 536870912
is_linear=0
shrinkage=0.03


Tree=42
num_leaves=14
num_cat=3
split_feature=3 48 48 3 4 21 44 42 44 47 11 41 13
split_gain=121.932 72.6599 39.1928 144.447 290.116 65.2849 77.5289 15.9689 36.7877 8.26663 24.6253 7.27381 2.71036
threshold=0 29.795779730153754 1037.9316594784325 1 2 13.500000000000002 0.93541666666666679 0.033426443202979522 0.94987468671679209 9185.0000000000018 897810.00000000012 0.29166666666666669 124437509264.34785
decision_type=9 2 2 9 9 2 2 2 2 2 2 2 2
left_child=-1 -2 3 -3 5 6 -5 9 -9 10 -7 12 -4
right_child=1 2 11 4 -6 7 -8 8 -10 -11 -12 -13 -14
leaf_value=-0.025505188827096799 -0.023088026254813473 0.043306062120320545 0.038891403004190563 -0.035735849296367264 -0.034926342408974097 -0.020503969901329272 0.036481811984292838 -0.02968836152654589 0.032876098780630247 0.039557193081429971 0.033231143045285988 0.029520064361803572 0.049499464722572759
leaf_weight=23.92247788188979 16.106779258698225 330.78197182156146 908.37769083306193 25.441011094721034 72.040420523844659 7.6089049461297718 18.922238582745194 8.9698756260331738 17.174533843994141 194.2661190032959 17.36967658996582 137.08263748884201 98.566018260549754
leaf_count=825 2957 372 499 488 2082 530 4 294 1 59 1 72 43
internal_value=0.0338877 0.0346718 0.0354279 0.0292454 0.0144016 0.0277813 -0.00435767 0.0346721 0.0100907 0.037313 0.0161728 0.0390272 0.0401692
internal_weight=1876.63 1852.71 1836.6 692.575 361.793 289.752 44.3632 245.389 26.1444 219.245 24.9786 1144.03 1006.94
internal_count=8227 7402 4445 3831 3459 1377 492 885 295 590 531 614 542
cat_boundaries=0 9 17 19
cat_threshold=0 0 0 0 8 262144 1024 536871936 2 32768 0 67584 677380096 2097152 135299072 67108864 134513152 1073741866 1294337
is_linear=0
shrinkage=0.03


Tree=43
num_leaves=13
num_cat=3
split_feature=30 3 26 4 47 3 12 41 27 22 25 25
split_gain=154.809 41.81 157.954 55.3302 169.791 70.828 7.70059 7.06305 5.03951 1.8756 1.38432 6.59794
threshold=1.4978661367769956 0 0.38547713635583192 1 143222.50000000003 2 360496.51002590946 0.22500000000000003 17.914583333333336 52267.661764705896 27149.510416666668 14319.702797202799
decision_type=2 9 2 9 2 9 2 2 2 2 2 2
left_child=1 6 -3 10 5 -5 7 8 -1 -10 11 -4
right_child=-2 2 3 4 -6 -7 -8 -9 9 -11 -12 -13
leaf_value=0.032046835898818536 -0.026424929215717752 -0.035924206893474794 0.034141981019097739 0.021740633060499302 0.03377973089117179 -0.034614922308230399 0.048687940730564337 0.027283622942309852 0.042868871811218817 0.033115787653483518 0.038135432312478623 0.011348220902384114
leaf_weight=181.57034069811925 34.112333854893222 29.565932976780459 37.563398553058505 19.00206999015063 147.52680391073227 53.278562953462824 157.14375999197364 98.797668555751443 527.55343876499683 128.00665361387655 435.96251750830561 25.333022470120341
leaf_count=198 5621 360 80 9 52 857 81 85 163 132 314 112
internal_value=0.0339321 0.0351188 0.0273836 0.0305967 0.0150254 -0.0210173 0.0396545 0.0383085 0.0394399 0.0412295 0.0362234 0.026473
internal_weight=1875.42 1841.3 748.232 718.666 219.807 72.2806 1093.07 935.928 837.13 655.56 498.859 62.8964
internal_count=8064 2443 1784 1424 918 866 659 578 493 295 506 192
cat_boundaries=0 9 11 12
cat_threshold=9469952 524288 2184 673189896 16777216 1081344 67633152 3632316416 1 33554476 98320 67108864
is_linear=0
shrinkage=0.03


Tree=44
num_leaves=18
num_cat=4
split_feature=3 3 29 41 4 24 4 24 9 12 31 12 48 24 14 24 24
split_gain=76.8613 241.207 119.143 46.5201 62.3995 117.465 18.1699 89.6804 17.6647 43.4689 12.1874 9.66797 9.04312 22.5901 40.9537 4.92393 31.2091
threshold=0 1 1.0000000180025095e-35 0.080128205128205135 2 11.602368843192982 3 0.45228457201556904 0.21640303898368404 67056.226286944584 0.010387844557910452 422021.57080425619 534.60968340381487 1.2396760877301649 80375.810886370731 3.3099302249678133 0.47137030679166086
decision_type=9 9 2 2 9 2 9 2 2 2 2 2 2 2 2 2 2
left_child=6 -2 -3 12 -5 -6 10 -8 9 -9 11 -1 13 14 -4 16 -11
right_child=1 2 3 4 5 -7 7 8 -10 15 -12 -13 -14 -15 -16 -17 -18
leaf_value=0.043013454477570247 -0.033132621449672536 -0.026127910922506666 -0.031154796843153965 0.033965454887465087 -0.042744336809856162 0.030969179426891265 -0.03348954962158722 -0.034430322903609673 0.03621433052460378 0.031908402563214124 0.040973428958479018 0.083088894226576032 0.039409016842510323 0.036047440643652555 0.02774429536427208 0.032884923648866318 -0.028593002501222844
leaf_weight=48.025561369024217 50.546217099996284 29.20021579740569 12.490654850378631 59.465790939051658 34.005534408148378 33.956190183758736 16.240544696338475 8.3734356542117876 214.35433475021273 16.64368141908199 868.67209194274619 16.659041879698634 377.57017585635185 61.712953206151724 22.30455519631505 35.727841763291508 7.2781011739280066
leaf_count=561 1627 3787 127 35 257 9 803 157 262 3 190 12 61 28 35 28 196
internal_value=0.033899 0.0239817 0.0292223 0.0325844 0.0156194 -0.00555466 0.0387567 0.0269464 0.0318821 0.0166855 0.0420493 0.0585558 0.0369338 0.0257857 0.00534305 0.0259689 0.0117402
internal_weight=1913.23 681.252 630.706 601.506 127.428 67.9617 1231.97 298.618 282.377 68.0231 933.357 64.6846 474.078 96.5082 34.7952 59.6496 23.9218
internal_count=8178 5966 4339 552 301 266 2212 1449 646 384 763 573 251 190 162 227 199
cat_boundaries=0 9 18 19 21
cat_threshold=68190208 524288 18568 138416136 0 269484032 67633152 2594226688 1 0 3221225472 533504 8388608 72 2147778576 8393825 537003008 2 4128 33554489 229424
is_linear=0
shrinkage=0.03


Tree=45
num_leaves=17
num_cat=2
split_feature=4 15 30 20 20 3 25 48 20 43 48 0 48 20 12 20
split_gain=77.4792 65.0909 56.7678 75.0743 26.9733 17.9834 74.4445 50.9001 79.0746 49.5477 6.17561 12.3039 22.7033 52.6534 5.36302 4.78015
threshold=0 -0.057105982536890892 1.2424533248940004 106.50000000000001 107.50000000000001 1 11343.428571428574 208.66162273820734 201.50000000000003 0.072751322751322761 1663.8617109279178 20003.000000000004 595.37705260955988 147.50000000000003 352654.29840021324 13.500000000000002
decision_type=9 2 2 2 2 9 2 2 2 2 2 2 2 2 2 2
left_child=1 -1 5 -4 -5 14 9 8 -8 -7 11 -9 13 -13 -2 -14
right_child=2 -3 3 4 -6 6 7 10 -10 -11 -12 12 15 -15 -16 -17
leaf_value=0.031175794945593562 0.037796906773477711 -0.034366844426102848 -0.026103692922426081 0.051114701474726042 -0.014713471243626534 0.023327594052033437 -0.031882245085761443 0.038920996477713798 0.040100356659471793 -0.03311253640057369 0.03692803506792499 -0.034958472957359335 0.016627394130468535 0.031899118634526401 0.046315694981651251 0.032126966825559378
leaf_weight=18.756900912616402 951.02736261673272 27.321305371355265 29.784769805613905 20.711811170680452 4.7453883597627273 21.935012855101377 25.155858360230923 79.354783656075597 20.225959269329906 24.430422669276595 407.54844660125673 15.260513933375476 45.658985851332545 17.237461090087891 207.15074503421783 93.422286115586758
leaf_count=35 439 969 4389 12 878 74 505 37 3 347 127 125 104 2 67 66
internal_value=0.0337915 -0.00606012 0.0345947 0.00436327 0.0384429 0.0356369 0.0290464 0.0318444 0.000995071 -0.00673969 0.0339469 0.0284784 0.0226834 2.8769e-05 0.0391763 0.0277922
internal_weight=2009.73 46.0782 1963.65 55.242 25.4572 1908.41 750.23 703.864 45.3818 46.3654 658.482 250.934 171.579 32.498 1158.18 139.081
internal_count=8179 1004 7175 5279 890 1896 1390 969 508 421 461 334 297 127 506 170
cat_boundaries=0 2 11
cat_threshold=0 6784 1081344 524288 65544 136321032 67108864 269518848 0 3665871360 1
is_linear=0
shrinkage=0.03


Tree=46
num_leaves=17
num_cat=2
split_feature=4 48 15 3 48 20 17 23 20 45 14 48 41 12 11 13
split_gain=117.617 83.3357 71.7018 36.6888 177.954 137.248 20.3999 46.716 13.6491 5.5337 8.21062 39.6759 3.0187 7.06599 8.8309 26.4212
threshold=0 47.886069415063226 -0.057105982536890892 1 595.37705260955988 1.5000000000000002 0.45715969533427775 -322583.33333333331 1.0000000180025095e-35 0.20572745227123107 65788.305844293034 17849.559289157663 0.0081634013061442114 360496.51002590946 59899.375000000007 121427693264.83517
decision_type=9 2 2 9 2 2 2 2 2 2 2 2 2 2 2 2
left_child=2 -2 -1 12 5 6 7 -5 -6 10 11 -10 13 14 -3 -16
right_child=1 3 -4 4 8 -7 -8 -9 9 -11 -12 -13 -14 -15 15 -17
leaf_value=0.028650663435591722 -0.024008771649375909 0.042378012803776573 -0.037614556105231629 0.035489690045151588 0.015792811344366435 -0.037658509816507167 0.046225721268468731 -0.029042553193542993 -0.034231820570985345 0.036774979483109947 0.031710404090256904 0.031599728843694316 0.036559744043230223 0.060688300659580141 -0.01974082971487803 0.033323089464305178
leaf_weight=19.104694832582027 18.964747712016106 301.89274216582999 33.895964017137885 18.489107044413689 46.591001696884632 58.375335122691467 21.118545319885015 12.947043441236017 8.4520741994492727 442.6225374341011 31.245117814280093 16.629542276263237 598.01395148783922 37.730921452865005 7.4686977267265311 29.942261638585478
leaf_count=39 3388 320 1240 2 56 1727 5 124 171 398 25 2 179 61 371 11
internal_value=0.0321904 0.0334853 -0.0113593 0.0344295 0.0264815 -0.0074776 0.0264052 0.00857371 0.0338729 0.0353878 0.0223776 0.00741312 0.0389507 0.0432343 0.0404403 0.021651
internal_weight=1703.48 1650.48 53.0007 1631.52 656.47 110.93 52.5547 31.4362 545.54 498.949 56.3267 25.0816 975.049 377.035 339.304 37.411
internal_count=8119 6840 1279 3452 2510 1858 131 126 652 596 198 173 942 763 702 382
cat_boundaries=0 2 11
cat_threshold=0 8096 1081344 0 67720 140509192 0 269516800 67633152 3130015744 1
is_linear=0
shrinkage=0.03


Tree=47
num_leaves=22
num_cat=2
split_feature=4 14 3 48 26 12 15 20 14 48 17 16 26 12 27 27 26 14 27 27 27
split_gain=145.311 55.2531 44.7364 170.232 33.6771 51.4473 14.5337 30.0855 39.8876 5.88863 62.6239 57.9835 7.18637 2.69486 6.08613 3.93059 2.55223 38.0759 1.32776 12.2454 36.7108
threshold=0 127133.30324969006 1 183.56236205310574 0.38547713635583192 352654.29840021324 0.32048378950766071 76.500000000000014 65788.305844293034 1485.5141626493999 -0.18714859827423036 743556.82162642491 0.59065680837996182 360496.51002590946 649.54777777777792 776.02722222222235 10.601858399167403 1515.3033561466311 18.98555555555556 2.6500000000000008 13.603611111111112
decision_type=9 2 9 2 2 2 2 2 2 2 2 2 2 2 2 2 2 2 2 2 2
left_child=1 -1 13 -4 5 -5 9 8 -8 10 11 -6 -12 14 18 -15 17 -14 19 -2 -21
right_child=2 -3 3 4 6 -7 7 -9 -10 -11 12 -13 16 15 -16 -17 -18 -19 -20 20 -22
leaf_value=-0.037285003893660296 0.035987991535469929 0.01906939981596115 -0.031303300718918028 -0.031202226582308003 -0.039990386450645725 0.030171095856287522 -0.038200847076122042 0.033631309778809695 0.022619696148540206 0.036287310121583052 0.042792419473347956 0.027041776000567321 0.034118529019924966 0.037376068608607732 0.023905171166945509 0.05470141040936579 0.031373519355960923 -0.029825775786749546 0.039924704411083776 -0.031952049737980368 0.028749378640301738
leaf_weight=34.95282102166675 251.4354267839808 21.75759690371342 39.678771236445755 17.343697915552184 18.280774084385484 22.375894901575521 12.895772944670172 33.692631100770086 16.394433846697211 356.47536487737671 76.843077720608562 18.379699621815234 18.51540412101895 111.10155014810152 61.20205942215398 68.632561974227428 16.418415841646492 8.4300588367041183 628.74119554995559 7.3401824519969514 31.821342854062095
leaf_count=1469 415 142 3384 312 336 51 160 15 29 170 35 20 6 128 75 21 3 173 847 292 108
internal_value=0.0326947 -0.0136576 0.0340637 0.0256826 0.029989 0.00287989 0.0318165 0.0162039 -0.00582376 0.0335573 0.0264241 -0.00717175 0.0365474 0.038412 0.037317 0.0452933 0.0222009 0.0125761 0.0380757 0.0334675 0.0150424
internal_weight=1872.71 56.7104 1816 655.724 616.045 39.7196 576.326 62.9828 29.2902 513.343 156.867 36.6605 120.207 1160.27 980.54 179.734 43.3639 26.9455 919.338 290.597 39.1615
internal_count=8191 1611 6580 4694 1310 363 947 204 189 743 573 356 217 1886 1737 149 182 179 1662 815 400
cat_boundaries=0 2 10
cat_threshold=1090519040 8064 67141632 0 67720 140513288 67108864 269516800 67633152 3665871360
is_linear=0
shrinkage=0.03


Tree=48
num_leaves=19
num_cat=1
split_feature=48 3 29 48 17 0 14 20 16 43 17 12 24 27 41 27 27 27
split_gain=63.7899 30.5209 117.085 34.2082 177.984 23.1588 41.4407 55.6241 10.7393 23.5024 44.1744 4.78894 3.81096 4.43964 3.46467 0.969718 2.95675 2.7153
threshold=29.795779730153754 0 1.0000000180025095e-35 928.70341317156533 -0.25130447905939429 20500.938800000004 205265.89982889194 98.500000000000014 333768.64649168769 0.22740881872618401 -0.24926433512685636 422021.57080425619 0.2886774421732447 0.96638888888888907 0.046536796536796543 18.98555555555556 1.9431944444444447 2.1936111111111116
decision_type=2 9 2 2 2 2 2 2 2 2 2 2 2 2 2 2 2 2
left_child=-1 11 -3 4 -4 8 7 -7 9 -6 -11 12 13 -2 -5 16 -14 -18
right_child=1 2 3 14 5 6 -8 -9 -10 10 -12 -13 15 -15 -16 -17 17 -19
leaf_value=-0.022782421997715567 0.031150832870479955 -0.026542224435025422 -0.038501021721542829 0.036838651510326829 0.03456682999607219 -0.039785714362345674 0.034992927496732988 0.02603996194123756 0.044275157197622095 0.031821470025003511 -0.029747021757515743 0.046479299171403719 0.033829097368128731 0.010880985292901907 0.028518507735556822 0.038683874760186594 0.027617267859635215 0.0089627404496251846
leaf_weight=15.32692033308558 30.743504966842011 31.387352429097518 35.778503334149718 336.17629034072161 82.373498027212918 18.896818213164806 33.479452513158321 17.66049337387085 77.648508075624704 17.819013930857182 14.47065416863188 130.3799500958994 130.26886084931903 24.338389111682773 199.66553328931332 617.69604794844054 14.802901480346916 22.607476972509176
leaf_count=3252 30 3030 246 65 78 93 5 9 25 5 133 70 131 176 102 536 6 159
internal_value=0.0325352 0.0330576 0.0269001 0.0293783 0.0205929 0.0292213 0.013138 -0.00867894 0.0345972 0.0264673 0.00394052 0.0377179 0.036538 0.0238453 0.0340307 0.0372717 0.0311002 0.0187299
internal_weight=1851.52 1836.19 865.356 833.969 298.127 262.348 70.0368 36.5573 192.312 114.663 32.2897 970.837 840.457 55.0819 535.842 785.375 167.679 37.4104
internal_count=8151 4899 3791 761 594 348 107 102 241 216 138 1108 1038 206 167 832 296 165
cat_boundaries=0 9
cat_threshold=32768 0 67720 6297608 67108864 269516800 67633152 2560671744 1
is_linear=0
shrinkage=0.03


Tree=49
num_leaves=16
num_cat=3
split_feature=4 3 3 31 48 27 26 23 20 42 12 26 12 42 6
split_gain=115.562 63.2824 170.988 95.8739 30.769 63.2118 18.5281 46.9837 8.72719 4.28059 18.3165 34.789 2.80431 1.30004 0.466807
threshold=0 1 2 0.011381464472145367 534.60968340381487 33.397361111111117 0.59065680837996182 -322583.33333333331 27.500000000000004 0.02790758047767394 78178.217053221699 3.1556282186003703 422021.57080425619 0.049822695035461002 10.500000000000002
decision_type=9 9 9 2 2 2 2 2 2 2 2 2 2 2 2
left_child=-1 9 -3 -4 5 -5 -7 -8 -6 12 11 -11 14 -12 -2
right_child=1 2 3 4 8 6 7 -9 -10 10 13 -13 -14 -15 -16
leaf_value=-0.025033495324549453 0.027620976431444101 -0.031514424593576035 -0.025653424222177135 -0.032395630644611151 0.026288865090087397 0.033693124310595159 0.033378398786317653 -0.030343775960158643 0.03762009100334221 -0.033176071371158994 0.016241408900992699 0.028147179961300579 0.049315105071082999 0.036461824781880231 0.037986132157887501
leaf_weight=25.045507225207984 69.567186459898949 37.961979761021212 25.458539572544396 16.684716966934502 162.30921600759029 62.104171036276966 18.019435569643974 14.110291275195776 277.85115937888622 8.7970357541926223 15.358776803594081 16.150186060927808 69.581448006443679 83.468972843838856 828.39560897438787
leaf_count=984 122 1404 3285 149 104 52 2 166 35 223 109 10 90 252 1166
internal_value=0.0313517 0.0322084 0.0227733 0.0270563 0.0301867 0.0150703 0.0246833 0.00507608 0.0337839 0.0371403 0.0286856 0.0045943 0.0384508 0.0342528 0.0373405
internal_weight=1730.86 1705.82 614.5 576.538 551.079 110.919 94.2339 32.1297 440.16 1091.32 123.775 24.9472 967.544 98.8277 897.963
internal_count=8153 7169 5197 3793 508 369 220 168 139 1972 594 233 1378 361 1288
cat_boundaries=0 2 11 20
cat_threshold=0 6784 68190208 524288 8 541069320 2097152 269516864 67633154 3531915776 1 0 2147483664 532480 8388608 72 2147745792 8389665 538969088 2
is_linear=0
shrinkage=0.03


Tree=50
num_leaves=12
num_cat=3
split_feature=28 3 4 3 45 5 48 5 27 5 47
split_gain=128.281 34.0351 77.4803 159.453 154.615 17.7939 63.8186 7.44639 8.40888 32.966 0.134846
threshold=3.5000000000000004 0 1 2 1.2157840142914773 11.500000000000002 1980.2036683116073 5.5000000000000009 1703.130277777778 64.000000000000014 2550.0000000000005
decision_type=2 9 9 9 2 2 2 2 2 2 2
left_child=1 10 5 7 -5 -3 -7 -4 9 -9 -1
right_child=-2 2 3 4 -6 6 -8 8 -10 -11 -12
leaf_value=0.04242899987051503 -0.026082738150129171 0.034904873695953201 0.036280096457444802 -0.043917254909439402 0.030020236673180472 -0.032282654369656619 0.032130840406135855 -0.030856249212802785 0.03059624756225934 0.028934723575018504 0.035862256763082828
leaf_weight=213.17002615425736 30.986504689790308 480.31105219596066 101.35324411140755 67.722930419258773 34.878797829616815 14.368818338727577 47.13948830217123 9.4653685954399407 17.824904054403305 14.582366943359375 691.63244724459946
leaf_count=268 5712 467 44 1004 50 233 18 126 4 1 205
internal_value=0.0312254 0.0323484 0.0257526 0.0102769 -0.0169778 0.032308 0.0157876 0.0295598 0.0174648 0.0041402 0.0372249
internal_weight=1723.44 1692.45 787.647 245.828 102.602 541.819 61.5083 143.226 41.8726 24.0477 904.802
internal_count=8132 2420 1947 1229 1054 718 251 175 131 127 473
cat_boundaries=0 9 11 19
cat_threshold=67141632 524288 82056 136318984 0 269516800 67633152 2292236288 1 1107820588 98320 8454144 0 2048 537919488 16777216 64 0 1073741824
is_linear=0
shrinkage=0.03


Tree=51
num_leaves=15
num_cat=3
split_feature=4 48 15 48 4 4 21 25 12 27 21 5 31 0
split_gain=104.444 74.1248 66.8147 18.8647 83.7646 142.085 102.18 30.4472 44.397 14.7049 26.1103 6.30075 4.99133 35.7856
threshold=0 47.886069415063226 -0.057105982536890892 1591.5650921612644 1 2 3.5000000000000004 40008.838028169026 11994.389266779688 20.218888888888895 211.50000000000003 7.5000000000000009 0.011381464472145367 5985.0000000000009
decision_type=9 2 2 2 9 9 2 2 2 2 2 2 2 2
left_child=2 -2 -1 4 12 6 -6 9 -9 10 -8 -11 13 -3
right_child=1 3 -4 -5 5 -7 7 8 -10 11 -12 -13 -14 -15
leaf_value=0.028112120172921265 -0.023713075097306264 0.038317826723448759 -0.036309928882517793 0.0366464184297959 -0.036594611149468166 -0.03281516107593728 -0.026029046857315344 0.030055835206665434 -0.03616160003635463 0.018807106760304802 0.029744874953231401 0.042329042657111515 0.036238310570454228 -0.020856004755748798
leaf_weight=18.80012962478213 17.798772824229673 20.80663093272597 33.207713437499478 766.45120617048815 18.782559927552938 38.852519278647378 7.4290067066904166 15.447850944474341 11.440290332073344 24.4114569502417 15.174679756164551 110.88484809244983 601.20888655818999 10.354703447083009
leaf_count=40 3409 18 1198 330 192 1001 211 2 322 225 1 134 229 862
internal_value=0.0307486 0.0319493 -0.0107189 0.0328172 0.029273 0.0121108 0.0223487 0.0303237 0.000629389 0.0352058 0.0100196 0.0389065 0.034967 0.0184898
internal_weight=1711.05 1659.04 52.0078 1641.24 874.793 242.423 203.571 184.788 26.8881 157.9 22.6037 135.296 632.37 31.1613
internal_count=8174 6936 1238 3527 3197 2088 1087 895 324 571 212 359 1109 880
cat_boundaries=0 2 4 6
cat_threshold=16777216 7840 524328 245776 1073745936 1
is_linear=0
shrinkage=0.03


Tree=52
num_leaves=16
num_cat=2
split_feature=48 3 3 31 26 15 14 48 9 24 42 16 15 47 12
split_gain=55.3994 34.6876 84.3567 77.3235 50.0169 56.7318 12.9716 8.97611 49.4273 67.1461 6.27884 32.0307 36.9936 2.35933 3.57093
threshold=29.795779730153754 0 1 0.011381464472145367 0.38547713635583192 0.57130627413716273 355.10920966499538 656.38531534358344 0.071428571428571355 0.043169442443535537 0.030135617848277535 95977.192995184596 -0.08107069498335169 9591.5868000000028 422021.57080425619
decision_type=2 9 9 2 2 2 2 2 2 2 2 2 2 2 2
left_child=-1 10 -3 -4 5 -5 -6 8 -8 -10 13 12 -12 14 -2
right_child=1 2 3 4 6 -7 7 -9 9 -11 11 -13 -14 -15 -16
leaf_value=-0.02236810540520031 0.037036366040226615 -0.025487301457273352 -0.025032724728274981 -0.036151486247607507 0.012572056156260891 0.031082210037195735 0.03374821066931491 0.034223551715550887 0.033486005843502704 -0.036976037792363296 0.026693254652629655 0.033164925112131011 -0.033772605673022385 0.034183115508660093 0.051126548828712835
leaf_weight=14.262655556434764 259.53227117937058 21.027279866393656 21.88887679670006 19.469186682254076 43.914896292611957 16.088361740112305 102.39095406746492 398.58718954026699 17.591289138421416 21.499677247367799 14.297726810909809 147.15988772944547 12.263121665455399 559.14902604371309 68.089007692411542
leaf_count=3251 783 435 2394 120 70 1 102 97 3 158 13 300 210 157 52
internal_value=0.0306356 0.0311378 0.0236289 0.0257846 0.0281789 -0.00564937 0.0302691 0.0315796 0.0232171 -0.00506591 0.0351439 0.0278561 -0.00215145 0.0368015 0.0406892
internal_weight=1737.21 1722.95 662.458 641.43 619.542 35.5575 583.984 540.069 141.482 39.091 1060.49 173.721 26.5608 886.77 327.621
internal_count=8146 4895 3380 2945 551 121 430 360 263 161 1515 523 223 992 835
cat_boundaries=0 9 18
cat_threshold=68190208 524288 82056 4198408 67108864 1048576 67633152 3397435904 1 0 0 0 0 8 264192 8389633 1024 2
is_linear=0
shrinkage=0.03


Tree=53
num_leaves=20
num_cat=2
split_feature=3 48 4 48 20 12 20 26 13 20 6 6 42 12 12 12 13 13 12
split_gain=96.6634 49.7169 35.8471 116.621 56.5621 50.6694 33.2421 9.78819 59.961 5.2959 32.2718 39.5137 4.61622 1.76708 5.31854 3.45023 1.49295 20.3817 0.972409
threshold=0 29.795779730153754 1 372.71340759334811 77.500000000000014 210976.15415531481 26.500000000000004 0.40935052168948766 11146149408.736506 36.500000000000007 24.500000000000004 66.500000000000014 0.055728088336783992 297243.40567010391 181893.48564189361 219062.54959776855 44558977139.628487 23613049157.900696 178400.02774684256
decision_type=9 2 9 2 2 2 2 2 2 2 2 2 2 2 2 2 2 2 2
left_child=-1 -2 7 4 -4 9 -7 8 -3 10 -5 -12 13 14 -9 -16 17 -14 -10
right_child=1 2 3 5 -6 6 -8 12 18 -11 11 -13 16 -15 15 -17 -18 -19 -20
leaf_value=-0.02495882910191375 -0.021699066398732567 -0.033905423046116871 -0.035896320851297035 0.032329209737990604 0.018946329352623633 -0.039785726988148508 0.017107831432334294 0.03544433464004916 0.017344638000247398 0.034968402608150068 -0.037994982051955208 0.021860019277050849 -0.025253823889483339 0.040918278939196917 0.02655494796467767 0.0076980184721054017 0.027443060093983535 0.026800363472584573 0.034867474448885799
leaf_weight=20.938646138645709 12.722066278103737 10.396163636352865 38.428166023921221 99.459330551791936 23.696691084420308 11.739497736329215 16.212965479120612 651.71873192000203 20.359911311883479 216.72001809207723 11.396059515187519 20.187005452811718 5.3336335790809271 280.38038847711869 32.784102672943845 18.42273092106916 27.351570645812899 16.562692364444956 62.193404481746256
leaf_count=838 2898 285 1450 148 186 195 29 792 152 140 174 45 158 164 108 107 49 43 133
internal_value=0.0300008 0.0307708 0.0314618 0.0215078 -0.0151243 0.028249 -0.00919765 0.0347245 0.0230804 0.0313466 0.0242918 -0.0019785 0.035991 0.0365655 0.0345525 0.0210591 0.0222082 0.0117832 0.0317832
internal_weight=1597 1576.07 1563.34 437.84 62.1249 375.715 27.9525 1125.5 92.9495 347.762 131.042 31.5831 1032.55 983.306 702.926 51.2068 49.2479 21.8963 82.5533
internal_count=8094 7256 4358 2367 1636 731 224 1991 570 507 367 219 1421 1171 1007 215 250 201 285
cat_boundaries=0 9 11
cat_threshold=0 0 0 0 8 280576 0 536870912 2 1112014897 98352
is_linear=0
shrinkage=0.03


Tree=54
num_leaves=15
num_cat=0
split_feature=28 1 48 41 45 13 20 6 10 48 11 15 13 11
split_gain=113.972 28.1215 46.512 23.8883 50.1747 67.6026 62.9868 11.236 18.2826 9.60972 41.8245 6.52306 3.76754 1.12481
threshold=3.5000000000000004 2.5000000000000004 3252.7575091993044 0.025978407557354928 0.20934328132101199 1546775766.9150298 29.500000000000004 27.500000000000004 0.25658350658350659 119.08152510599957 6854.6842387739289 0.054175439902752157 2523611471.3789535 220841.28205128212
decision_type=2 2 2 2 2 2 2 2 2 2 2 2 2 2
left_child=1 3 -3 9 5 -5 -7 11 -9 10 -1 -6 -10 -11
right_child=-2 2 -4 4 7 6 -8 8 12 13 -12 -13 -14 -15
leaf_value=0.038002436583621554 -0.025845403500679709 -0.033067637874420387 0.02711676700756423 0.026093540073308316 0.019506960677874007 -0.04498904157023393 0.020712678053686678 -0.002744635609829973 0.032903926571003779 0.034570132917792921 -0.024738482229218178 0.034039245053168375 0.016538318368480513 0.044939524965936034
leaf_weight=19.824935882352296 28.952112001134083 13.501560481730847 26.023896806873381 69.929912536870688 55.100863998755813 27.00783220352605 18.38099058251828 23.936233394779265 44.778961513889953 780.96842113276944 11.231463467702268 420.72523958887905 44.137141176965088 69.755959493573755
leaf_count=8 5691 186 12 77 66 186 19 94 21 660 626 250 99 98
internal_value=0.0298078 0.0308754 0.00515357 0.0314983 0.0268469 0.00830684 -0.0189669 0.0303782 0.0201197 0.0350395 0.0150283 0.0325767 0.0260932 0.035678
internal_weight=1654.26 1625.3 39.5255 1585.78 703.997 115.319 45.3888 588.678 112.852 881.781 31.0564 475.826 88.9161 850.724
internal_count=8093 2402 198 2204 812 282 205 530 214 1392 634 316 120 758
is_linear=0
shrinkage=0.03


Tree=55
num_leaves=18
num_cat=2
split_feature=3 17 4 30 9 27 42 44 27 24 44 41 24 26 16 20 26
split_gain=93.9358 51.1255 84.8216 23.2019 57.5176 14.048 32.0247 46.0348 29.4147 52.5276 13.3177 10.5605 9.55256 44.5886 38.4325 19.7618 5.84444
threshold=0 -0.84467970498744493 1 1.4978661367769956 -0.42857142857142849 18.98555555555556 0.03234524847428074 0.94987468671679209 1.9431944444444447 4.1479143682675632 0.13069358178053833 0.032795698924731186 0.32034585178898128 0.94666557278260599 52987.046329493001 1.5000000000000002 0.70509193402878123
decision_type=9 2 9 2 2 2 2 2 2 2 2 2 2 2 2 2 2
left_child=-1 2 11 5 10 6 8 -8 -3 -10 -5 -2 13 14 -7 16 -14
right_child=1 3 -4 4 -6 12 7 -9 9 -11 -12 -13 15 -15 -16 -17 -18
leaf_value=-0.024443438076833437 0.033058812751444462 0.032382339678563264 -0.030983314283692068 -0.01056008815081925 -0.024460941326111704 0.024499508727270441 -0.036643414545759714 0.02881229538360908 -0.036540540533720522 0.027076482244857755 0.044686458863508506 0.0066019752130210725 0.025760660029682081 0.039868650858697535 -0.032803201244052949 0.035836843080900425 0.0086257609173359898
leaf_weight=21.581836567958817 50.661694923182949 229.92920994618908 23.246644482016563 2.6603442498017129 20.888092146255076 15.603643449023364 14.265806944109499 14.490555763244629 13.503505705622954 26.818424228578806 20.636195895727724 21.870702204294503 46.703902173787355 39.930650046328083 16.728753959527239 975.07569834217429 38.694750279188156
leaf_count=766 242 210 626 493 4178 25 183 1 196 12 12 51 80 122 309 568 61
internal_value=0.0290519 0.0298275 0.00826066 0.0313958 0.00877204 0.032061 0.0251591 -0.00427763 0.0283122 0.0040908 0.0376264 0.0230487 0.0337644 0.0204927 -0.0055714 0.0345683 0.0189032
internal_weight=1593.29 1571.71 95.779 1475.93 44.1846 1431.74 299.008 28.7564 270.251 40.3219 23.2965 72.5324 1132.74 72.263 32.3324 1060.47 85.3987
internal_count=8135 7369 919 6450 4683 1767 602 184 418 208 505 293 1165 456 334 709 141
cat_boundaries=0 9 11
cat_threshold=0 0 0 0 8 2147745792 1024 536870912 2 20 16
is_linear=0
shrinkage=0.03


Tree=56
num_leaves=19
num_cat=1
split_feature=28 4 45 41 47 44 42 42 25 25 41 17 12 41 13 29 23 10
split_gain=106.114 35.9404 71.6243 86.7818 33.1066 82.1273 11.5711 19.9687 38.2826 9.64327 37.1143 50.7307 2.98043 17.7832 2.51554 0.71006 11.412 0.507492
threshold=3.5000000000000004 0 0.26306346714509982 0.010695493022191719 31899.700000000004 0.52240802675585296 0.041522988505747128 0.11252705627705629 171784.49914306388 10802.542627257802 0.0056980519480519494 2.1628820010586014 256475.43476020184 0.22500000000000003 2585470460.5342669 0.50596171948540958 257129.75343764821 0.55051020408163276
decision_type=2 9 2 2 2 2 2 2 2 2 2 2 2 2 2 2 2 2
left_child=1 6 3 15 5 -4 9 8 -8 10 -1 -12 13 -11 -6 16 -3 -7
right_child=-2 2 4 -5 14 17 7 -9 -10 12 11 -13 -14 -15 -16 -17 -18 -19
leaf_value=0.035437816256062731 -0.025759945325286381 -0.016399582873895542 -0.032447210871574594 -0.045829649810694172 0.034030622432486494 0.037574189081091301 -0.036166901589041234 0.028287192459513878 0.02712233940621266 0.03398300984792383 -0.036442200773033256 0.030046750084465414 0.03849569988831656 0.014758209774610183 0.024008884853754412 0.028200539552386276 0.024653259301321784 0.018572312085593509
leaf_weight=55.135074718156829 28.285150884184986 5.1005744393914947 26.025652601150796 26.944162235828117 134.74671474099159 19.64233501534909 10.959044618532062 70.255700059002265 13.686518631875515 560.59687573951669 16.002869345014915 15.388194084167482 347.76917617977597 58.75811482546851 120.34707399457693 14.023557662963869 12.766385305672884 22.236081107519567
leaf_count=136 5752 210 588 201 39 6 123 107 4 436 132 1 174 102 89 1 7 100
internal_value=0.0284306 0.0295128 0.0189879 -0.0102634 0.0249702 0.00583036 0.0324682 0.0206044 -0.00237361 0.0337411 0.0216142 -0.00419861 0.0347093 0.0322919 0.029855 0.0219251 0.0119104 0.0305418
internal_weight=1558.67 1530.38 381.833 58.8347 322.998 67.9041 1148.55 94.9013 24.6456 1053.65 86.5261 31.3911 967.124 619.355 255.094 31.8905 17.867 41.8784
internal_count=8208 2456 1241 419 822 694 1215 234 127 981 269 133 712 538 128 218 217 106
cat_boundaries=0 2
cat_threshold=268435505 245809
is_linear=0
shrinkage=0.03


Tree=57
num_leaves=17
num_cat=2
split_feature=3 14 25 3 31 20 41 10 15 20 15 12 27 13 13 13
split_gain=89.3124 51.0671 32.8317 148.472 20.2171 58.5275 12.1661 25.5926 37.8719 57.9438 4.31872 3.77261 0.524038 0.348489 12.4714 5.09406
threshold=0 187569.44793187882 11343.428571428574 1 0.0095540376368741624 106.50000000000001 0.025978407557354928 0.18142633228840127 0.3080473867354192 29.500000000000004 0.054175439902752157 352654.29840021324 12.120416666666669 879274525.5920552 23190455369.04863 9237797846.1792641
decision_type=9 2 2 9 2 2 2 2 2 2 2 2 2 2 2 2
left_child=1 -1 3 -2 5 -4 11 8 9 -8 -9 12 -6 -12 15 -15
right_child=2 -3 4 -5 6 -7 7 10 -10 -11 13 -13 -14 14 -16 -17
leaf_value=-0.037209052813291246 0.033429939481478863 0.02449737163847901 -0.024605773483017152 -0.029175320744909725 0.026231847097724866 0.038703803948164861 -0.04504971017943743 0.020691751310188324 0.026473209933617809 0.024493131986478754 0.035682887286015159 0.041456405938270088 0.03396710739355583 0.0071906652070170239 0.032654584753436279 0.023236771835854413
leaf_weight=28.198796087875962 86.478052236605436 14.701235040789468 20.384655067929998 38.759825519984588 117.40923377033323 22.672267068875954 17.072404803475365 78.458445681259036 54.510291465558112 16.595770044252276 167.76807028893381 146.01980483205989 434.68008285108954 35.432836435968056 231.36672781780362 50.307736185379326
leaf_count=906 56 39 3185 2270 225 382 112 93 52 8 47 61 450 80 115 57
internal_value=0.028241 -0.0129994 0.0293382 0.0140047 0.0308719 0.00928925 0.0315236 0.0278687 0.0119128 -0.0120359 0.0302395 0.0347121 0.0325723 0.0315575 0.0288549 0.0173672
internal_weight=1560.82 42.9 1517.92 125.238 1392.68 43.0569 1349.62 651.512 88.1785 33.6682 563.334 698.109 552.089 484.875 317.107 85.7406
internal_count=8138 945 7193 2326 4867 3567 1300 564 172 120 392 736 675 299 252 137
cat_boundaries=0 9 17
cat_threshold=0 2147483648 0 0 8 311296 8389665 1048576 2 32768 0 0 536870912 0 0 67108864 134218240
is_linear=0
shrinkage=0.03


Tree=58
num_leaves=18
num_cat=2
split_feature=3 29 3 41 27 24 10 6 23 43 20 44 24 25 10 25 10
split_gain=84.1144 63.2603 110.054 18.5363 47.0921 70.4277 70.9279 10.4372 28.3471 47.9711 6.5384 23.2668 5.3206 2.54386 7.15956 5.27524 20.7749
threshold=0 1.0000000180025095e-35 1 0.006734083076364957 17.914583333333336 2.4888016823046164 0.049390243902439006 41.500000000000007 35417.857142857152 0.072751322751322761 16.500000000000004 0.15821566110397947 3.0760457472583944 171784.49914306388 0.41728855721393038 10904.709525939179 0.20332093151439992
decision_type=9 2 9 2 2 2 2 2 2 2 2 2 2 2 2 2 2
left_child=-1 2 -2 -3 5 6 -5 10 9 -9 11 12 -6 14 15 -13 -17
right_child=1 3 -4 4 7 -7 -8 8 -10 -11 -12 13 -14 -15 -16 16 -18
leaf_value=-0.025032816782124098 0.033877350324072304 0.037141678110194698 -0.023668874330547277 0.02567114070294018 -0.00064578819646727637 0.026143302016476438 -0.045115895139259649 0.027788078876012957 0.028622103345280682 -0.035769222990023219 0.034936406172130549 0.027932210483706598 0.017820563792484208 0.035218173949422484 0.030674978984202621 0.027900350332677789 -0.0080635098656986395
leaf_weight=18.815310277510434 41.371529091149569 323.49654200766236 49.173876716289669 16.639595806133002 30.051567695569247 82.793801501393318 27.931812143418938 17.23359525972046 92.216366454958916 15.622288153273983 423.36531485849991 21.520664914511144 20.818857774138451 145.08056458085775 138.3606026135385 22.715299986768514 26.655655893497169
leaf_count=602 51 43 6397 17 100 44 251 18 32 158 152 24 17 24 115 20 90
internal_value=0.0277299 0.0284523 0.00409015 0.0302047 0.0279673 0.0103123 -0.0187656 0.0302592 0.0204711 -0.00316501 0.031605 0.0277409 0.00783009 0.0304507 0.0264005 0.0165867 0.00952735
internal_weight=1513.86 1495.05 90.5454 1404.5 1081.01 127.365 44.5714 953.641 125.072 32.8559 828.569 405.203 50.8704 354.333 209.252 70.8916 49.371
internal_count=8155 7553 6448 1105 1062 312 268 750 208 176 542 390 117 273 249 134 110
cat_boundaries=0 9 16
cat_threshold=0 0 8 0 8 262144 1 1024 2 0 0 0 4194304 0 0 67108864
is_linear=0
shrinkage=0.03


end of trees

feature_importances:
amount_x_high_fraud_rate=74
last_phone_model=61
hours_since_prev_trans=41
amount_over_mean_past=40
amount=38
var_interval_30d=37
cst_amount_deviation=37
cst_amount_deviation_ratio=36
last_os=35
amount_cum_count=33
cst_new_targets_ratio=30
std_interval_30d=27
burstiness=22
fano_factor=19
amount_diff_mean_past=18
target_txn_count_past=18
target_fraud_rate_past=17
target_fraud_rate_past_smooth=17
cst_night_tx_share=17
avg_interval_30d=13
sessions_7d_vs_30d_ratio=12
login_share_7_of_30=11
sessions_unique_30d=10
login_freq_change_7_vs_30=10
zscore_interval_7_vs_30=10
amount_x_new_target=10
ewm_interval_7d=9
cst_txn_count_past=9
target_txn_count_past_log1p=8
cst_weekend_tx_share=7
log_amount=6
sessions_unique_7d=4
logins_7d_vs_30d_ratio=4
daily_logins_avg_30d=3
os_ver_count_30d=1
sqrt_amount=1
cst_amount_mean_past=1
is_new_phone_model_for_client=1

parameters:
[boosting: gbdt]
[objective: binary]
[metric: auc]
[tree_learner: serial]
[device_type: cpu]
[data_sample_strategy: bagging]
[data: ]
[valid: ]
[num_iterations: 1000]
[learning_rate: 0.03]
[num_leaves: 63]
[num_threads: 0]
[seed: 42]
[deterministic: 0]
[force_col_wise: 0]
[force_row_wise: 0]
[histogram_pool_size: -1]
[max_depth: -1]
[min_data_in_leaf: 50]
[min_sum_hessian_in_leaf: 0.001]
[bagging_fraction: 0.8]
[pos_bagging_fraction: 1]
[neg_bagging_fraction: 1]
[bagging_freq: 1]
[bagging_seed: 400]
[bagging_by_query: 0]
[feature_fraction: 0.8]
[feature_fraction_bynode: 1]
[feature_fraction_seed: 30056]
[extra_trees: 0]
[extra_seed: 12879]
[early_stopping_round: 0]
[early_stopping_min_delta: 0]
[first_metric_only: 0]
[max_delta_step: 0]
[lambda_l1: 0]
[lambda_l2: 5]
[linear_lambda: 0]
[min_gain_to_split: 0.01]
[drop_rate: 0.1]
[max_drop: 50]
[skip_drop: 0.5]
[xgboost_dart_mode: 0]
[uniform_drop: 0]
[drop_seed: 17869]
[top_rate: 0.2]
[other_rate: 0.1]
[min_data_per_group: 100]
[max_cat_threshold: 32]
[cat_l2: 10]
[cat_smooth: 10]
[max_cat_to_onehot: 4]
[top_k: 20]
[monotone_constraints: ]
[monotone_constraints_method: basic]
[monotone_penalty: 0]
[feature_contri: ]
[forcedsplits_filename: ]
[refit_decay_rate: 0.9]
[cegb_tradeoff: 1]
[cegb_penalty_split: 0]
[cegb_penalty_feature_lazy: ]
[cegb_penalty_feature_coupled: ]
[path_smooth: 0]
[interaction_constraints: ]
[verbosity: -1]
[saved_feature_importance_type: 0]
[use_quantized_grad: 0]
[num_grad_quant_bins: 4]
[quant_train_renew_leaf: 0]
[stochastic_rounding: 1]
[linear_tree: 0]
[max_bin: 255]
[max_bin_by_feature: ]
[min_data_in_bin: 3]
[bin_construct_sample_cnt: 200000]
[data_random_seed: 175]
[is_enable_sparse: 1]
[enable_bundle: 1]
[use_missing: 1]
[zero_as_missing: 0]
[feature_pre_filter: 1]
[pre_partition: 0]
[two_round: 0]
[header: 0]
[label_column: ]
[weight_column: ]
[group_column: ]
[ignore_column: ]
[categorical_feature: 3,4]
[forcedbins_filename: ]
[precise_float_parser: 0]
[parser_config_file: ]
[objective_seed: 16083]
[num_class: 1]
[is_unbalance: 0]
[scale_pos_weight: 82.8684]
[sigmoid: 1]
[boost_from_average: 1]
[reg_sqrt: 0]
[alpha: 0.9]
[fair_c: 1]
[poisson_max_delta_step: 0.7]
[tweedie_variance_power: 1.5]
[lambdarank_truncation_level: 30]
[lambdarank_norm: 1]
[label_gain: ]
[lambdarank_position_bias_regularization: 0]
[eval_at: ]
[multi_error_top_k: 1]
[auc_mu_weights: ]
[num_machines: 1]
[local_listen_port: 12400]
[time_out: 120]
[machine_list_filename: ]
[machines: ]
[gpu_platform_id: -1]
[gpu_device_id: -1]
[gpu_use_dp: 0]
[num_gpu: 1]

end of parameters

pandas_categorical:[["ASUS_X00TDB", "GIONEE A1 lite", "Google Pixel 8", "HONOR ALI-NX1", "HONOR CRT-NX1", "HONOR LLY-LX1", "HONOR RKY-LX1", "HONOR VER-N49", "HONOR WDY-LX1", "HONOR WOD-LX1", "HUAWEI AMN-LX9", "HUAWEI FIG-LX1", "HUAWEI PPA-LX1", "HUAWEI STK-LX1", "Honor_brp-nx1", "Honor_dnp-nx9", "Honor_lly-lx1", "Honor_ver-n49", "Huawei_jln-lx1", "Huawei_ppa-lx1", "Huawei_stk-lx1", "Huawei_vog-l29", "Meizu M10", "Motorola_moto_e15", "OPPO CPH1903", "OPPO CPH1923", "OPPO CPH2067", "OPPO CPH2069", "OPPO CPH2083", "OPPO CPH2125", "OPPO CPH2179", "OPPO CPH2239", "OPPO CPH2269", "OPPO CPH2333", "OPPO CPH2363", "OPPO CPH2437", "OPPO CPH2477", "OPPO CPH2481", "OPPO CPH2531", "OPPO CPH2591", "OPPO CPH2603", "OPPO CPH2641", "OPPO CPH2669", "OnePlus BE2029", "Oppo_cph1909", "Oppo_cph1923", "Oppo_cph2179", "Oppo_cph2239", "Oppo_cph2333", "Oppo_cph2363", "Oppo_cph2477", "Oppo_cph2481", "Oppo_cph2531", "Oppo_cph2641", "Realme RMX3771", "Realme RMX3834", "Samsung SM-A022G", "Samsung SM-A057F", "Samsung SM-A065F", "Samsung SM-A105F", "Samsung SM-A125F", "Samsung SM-A127F", "Samsung SM-A135F", "Samsung SM-A155F", "Samsung SM-A165F", "Samsung SM-A235F", "Samsung SM-A256E", "Samsung SM-A315F", "Samsung SM-A320F", "Samsung SM-A325F", "Samsung SM-A336B", "Samsung SM-A346E", "Samsung SM-A356E", "Samsung SM-A505FN", "Samsung SM-A515F", "Samsung SM-A525F", "Samsung SM-A530F", "Samsung SM-A536E", "Samsung SM-A546E", "Samsung SM-A556E", "Samsung SM-A566E", "Samsung SM-A750FN", "Samsung SM-F721B", "Samsung SM-F731B", "Samsung SM-G780G", "Samsung SM-G960F", "Samsung SM-G965F", "Samsung SM-G973F", "Samsung SM-S721B", "Samsung SM-S908B", "Samsung SM-S911B", "Samsung SM-S916B", "Samsung SM-S918B", "Samsung SM-S921B", "Samsung SM-S928B", "Samsung SM-S938B", "Samsung_sm-a057f", "Samsung_sm-a125f", "Samsung_sm-a135f", "Samsung_sm-a165f", "Samsung_sm-a225f", "Samsung_sm-a315f", "Samsung_sm-a325f", "Samsung_sm-a356e", "Samsung_sm-a525f", "Samsung_sm-a536e", "Samsung_sm-a546e", "Samsung_sm-a556e", "Samsung_sm-a730f", "Samsung_sm-a736b", "Samsung_sm-a750fn", "Samsung_sm-f721b", "Samsung_sm-g780g", "Samsung_sm-g965f", "Samsung_sm-s721b", "Samsung_sm-s908b", "Samsung_sm-s911b", "Samsung_sm-s916b", "Samsung_sm-s918b", "Samsung_sm-s921b", "Samsung_sm-s928b", "Samsung_sm-s931b", "Samsung_sm-s938b", "TECNO KL4", "TECNO LG7n", "TECNO LH8n", "Tecno_kl4", "Tecno_lg7n", "Unknown", "Vivo 1920", "Vivo V2026", "Vivo V2027", "Vivo V2058", "Vivo V2061", "Vivo V2111", "Vivo V2116", "Vivo V2120", "Vivo V2154", "Vivo V2201", "Vivo V2237", "Vivo V2254", "Vivo V2322", "Vivo V2332", "Vivo V2339", "Vivo V2342", "Vivo V2352", "Vivo V2419", "Vivo V2424", "Vivo_v2027", "Vivo_v2058", "Vivo_v2109", "Vivo_v2111", "Vivo_v2201", "Vivo_v2202", "Vivo_v2237", "Vivo_v2250", "Vivo_v2322", "Vivo_v2332", "Vivo_v2339", "Vivo_v2342", "Vivo_v2352", "Xiaomi 21081111RG", "Xiaomi 21091116AG", "Xiaomi 21121119SG", "Xiaomi 2201116TG", "Xiaomi 2201117SG", "Xiaomi 2201117TG", "Xiaomi 2203129G", "Xiaomi 220333QAG", "Xiaomi 22071212AG", "Xiaomi 220733SFG", "Xiaomi 2209116AG", "Xiaomi 22120RN86G", "Xiaomi 23021RAA2Y", "Xiaomi 23021RAAEG", "Xiaomi 2303CRA44A", "Xiaomi 23053RN02A", "Xiaomi 2306EPN60G", "Xiaomi 23078PND5G", "Xiaomi 23090RA98G", "Xiaomi 23106RN0DA", "Xiaomi 23117RA68G", "Xiaomi 2311DRK48G", "Xiaomi 23129RAA4G", "Xiaomi 2312CRAD3C", "Xiaomi 2312DRA50G", "Xiaomi 24048RN6CG", "Xiaomi 24069PC21G", "Xiaomi 25028RN03A", "Xiaomi M2003J15SC", "Xiaomi M2004J19C", "Xiaomi M2006C3LG", "Xiaomi M2006C3MG", "Xiaomi M2007J20CG", "Xiaomi M2007J3SG", "Xiaomi M2010J19SG", "Xiaomi M2101K6G", "Xiaomi M2101K7AG", "Xiaomi M2101K9G", "Xiaomi M2102J20SG", "Xiaomi POCO F2 Pro", "Xiaomi Redmi Note 8", "Xiaomi Redmi Note 8 Pro", "Xiaomi Redmi Note 9 Pro", "Xiaomi_21081111rg", "Xiaomi_2201117sg", "Xiaomi_2201117tg", "Xiaomi_2203129g", "Xiaomi_220333qag", "Xiaomi_22071212ag", "Xiaomi_2209116ag", "Xiaomi_22101316g", "Xiaomi_23021raaeg", "Xiaomi_2303cra44a", "Xiaomi_23049rad8c", "Xiaomi_23078pnd5g", "Xiaomi_23090ra98g", "Xiaomi_23106rn0da", "Xiaomi_23117ra68g", "Xiaomi_23129raa4g", "Xiaomi_2312crad3c", "Xiaomi_2312dra50g", "Xiaomi_24048rn6cg", "Xiaomi_24069pc21g", "Xiaomi_m2004j19c", "Xiaomi_m2006c3lg", "Xiaomi_m2006c3mg", "Xiaomi_m2007j3sg", "Xiaomi_m2101k7ag", "Xiaomi_m2101k9g", "Xiaomi_m2102j20sg", "Xiaomi_poco_f2_pro", "Xiaomi_redmi_note_8", "iPhone10,4", "iPhone10,5", "iPhone10,6", "iPhone11,2", "iPhone11,8", "iPhone12,1", "iPhone12,3", "iPhone13,1", "iPhone13,2", "iPhone13,3", "iPhone13,4", "iPhone14,2", "iPhone14,3", "iPhone14,4", "iPhone14,5", "iPhone14,6", "iPhone14,7", "iPhone14,8", "iPhone15,2", "iPhone15,3", "iPhone15,4", "iPhone16,1", "iPhone16,2", "iPhone17,1", "iPhone17,2", "iPhone17,3", "iPhone5,1", "implyForteApp 1.0 Oneplus_gm190", "implyForteApp 1.0 Samsung_sm-a125", "implyForteApp 1.0 Vivo_v225", "implyForteApp 1.0 Xiaomi_poco_f2_pr", "x86_64"], ["Android/10", "Android/11", "Android/12", "Android/13", "Android/14", "Android/15", "Android/5.10.0", "Android/5.13.0", "Android/5.9.1", "Android/7.0", "Android/8.0.0", "Android/8.1.0", "Android/9", "Unknown", "iOS/10", "iOS/15.6.1", "iOS/16.0", "iOS/16.1", "iOS/16.1.2", "iOS/16.2", "iOS/16.3", "iOS/16.3.1", "iOS/16.6", "iOS/16.6.1", "iOS/16.7.10", "iOS/16.7.11", "iOS/17.2.1", "iOS/17.3", "iOS/17.3.1", "iOS/17.4.1", "iOS/17.5.1", "iOS/17.6", "iOS/17.6.1", "iOS/17.7", "iOS/17.7.1", "iOS/17.7.2", "iOS/18.0", "iOS/18.0.1", "iOS/18.1", "iOS/18.1.1", "iOS/18.2", "iOS/18.2.1", "iOS/18.3", "iOS/18.3.1", "iOS/18.3.2", "iOS/18.4", "iOS/18.4.1", "iOS/18.5", "iOS/18.6", "iOS/18.6.1", "iOS/18.6.2", "iOS/19.0", "iOS/26.0", "mib/13.2.2", "mibWebv3/13.2.2"]]
